subj,exp_id,ses_id,stim,timestamp,K
P01,1,1,tsa01,0.049342,-0.853478
P01,1,1,tsa01,0.427065,-0.409436
P01,1,1,tsa01,1.084320,-2.190833
P01,1,1,tsa01,1.396268,-1.541717
P01,1,1,tsa01,1.774244,-1.772315
P01,1,1,tsa01,2.398384,0.520991
P01,1,1,tsa01,3.104797,3.411373
P01,1,1,tsa01,6.341142,2.859823
P01,1,1,tsa01,8.263357,-0.033001
P01,1,1,tsa01,9.019046,0.490046
P01,1,1,tsa01,9.396879,0.490046
P01,1,1,tsa02,0.032875,0.719072
P01,1,1,tsa02,0.230077,1.116981
P01,1,1,tsa02,0.772194,0.550135
P01,1,1,tsa02,1.347159,-1.385336
P01,1,1,tsa02,1.807100,0.646959
P01,1,1,tsa02,2.431456,0.099841
P01,1,1,tsa02,3.055676,0.099841
P01,1,1,tsa03,0.049249,1.969219
P01,1,1,tsa03,0.525849,-1.926264
P01,1,1,tsa03,0.690152,-1.365894
P01,1,1,tsa03,0.919969,-1.365894
P01,1,1,tsq01,0.032870,3.161462
P01,1,1,tsq01,1.675723,-1.469747
P01,1,1,tsq01,1.889284,1.234356
P01,1,1,tsq01,2.792941,-0.545556
P01,1,1,tsq01,3.696321,-1.564717
P01,1,1,tsq01,4.123526,-1.377673
P01,1,1,tsq01,4.435600,3.002117
P01,1,1,tsq01,6.226389,-1.109139
P01,1,1,tsq01,6.998467,1.173093
P01,1,1,tsq01,8.033356,2.310252
P01,1,1,tsq01,9.232798,-1.402916
P01,1,1,tsq01,9.594204,1.001606
P01,1,1,tsq01,10.661934,-1.129676
P01,1,1,tsq01,10.859121,-1.600196
P01,1,1,tsq01,11.417742,-0.317353
P01,1,1,tsq01,12.288342,-0.788899
P01,1,1,tsq01,13.241119,0.819900
P01,1,1,tsq01,13.307025,0.819900
P01,1,1,tsq02,0.016351,3.975373
P01,1,1,tsq02,1.396339,0.732245
P01,1,1,tsq02,2.217848,0.726444
P01,1,1,tsq02,3.137766,0.508005
P01,1,1,tsq02,3.647064,-0.509202
P01,1,1,tsq02,4.074248,-0.263067
P01,1,1,tsq02,4.682087,-1.263437
P01,1,1,tsq02,5.372058,-2.098717
P01,1,1,tsq02,5.914162,-0.252292
P01,1,1,tsq02,6.292043,-0.252292
P01,1,1,tsq03,0.032962,-0.979370
P01,1,1,tsq03,0.197212,1.024162
P01,1,1,tsq03,1.002193,0.104180
P01,1,1,tsq03,1.396541,0.889324
P01,1,1,tsq03,1.725031,-1.458563
P01,1,1,tsq03,2.267193,1.498378
P01,1,1,tsq03,2.759995,0.426602
P01,1,1,tsq03,3.072168,-0.758676
P01,1,1,tsq03,3.367835,-1.810909
P01,1,1,tsq03,3.548632,-1.810909
P02,1,1,tsa01,0.049353,1.957156
P02,1,1,tsa01,2.677855,0.678590
P02,1,1,tsa01,7.934851,-1.312073
P02,1,1,tsa01,8.460601,-0.523054
P02,1,1,tsa01,8.706977,-0.523054
P02,1,1,tsa02,0.032878,0.000000
P02,1,1,tsa02,0.492962,0.000000
P02,1,1,tsa03,0.049386,-0.058867
P02,1,1,tsa03,0.673537,0.784187
P02,1,1,tsa03,1.018520,0.803769
P02,1,1,tsa03,3.367767,-0.519253
P02,1,1,tsa03,3.844253,-1.009793
P02,1,1,tsa03,4.534241,-1.009793
P02,1,1,tsq01,0.032863,-0.264712
P02,1,1,tsq01,0.640824,0.141070
P02,1,1,tsq01,1.429292,-1.030199
P02,1,1,tsq01,2.316325,1.155236
P02,1,1,tsq01,3.335094,-0.490976
P02,1,1,tsq01,5.388499,-0.506451
P02,1,1,tsq01,5.996307,0.560860
P02,1,1,tsq01,6.982071,0.047290
P02,1,1,tsq01,7.261375,-0.507815
P02,1,1,tsq01,7.557000,-1.817922
P02,1,1,tsq01,8.624792,-0.387600
P02,1,1,tsq01,9.331221,1.110164
P02,1,1,tsq01,9.922663,-0.851054
P02,1,1,tsq01,11.729810,3.284942
P02,1,1,tsq01,16.017568,-0.840784
P02,1,1,tsq01,16.346094,-0.050883
P02,1,1,tsq01,16.789638,-0.442955
P02,1,1,tsq01,18.465378,1.923976
P02,1,1,tsq01,19.894649,-0.513957
P02,1,1,tsq01,20.239618,-0.513957
P02,1,1,tsq02,0.032671,1.186786
P02,1,1,tsq02,0.525600,0.266359
P02,1,1,tsq02,1.314190,0.220411
P02,1,1,tsq02,1.790520,-2.298036
P02,1,1,tsq02,2.119180,1.141894
P02,1,1,tsq02,3.351300,1.141894
P02,1,1,tsq03,0.032960,-0.336176
P02,1,1,tsq03,0.624336,-2.242367
P02,1,1,tsq03,1.117202,1.598331
P02,1,1,tsq03,2.250735,-0.866068
P02,1,1,tsq03,2.990024,-0.866068
P03,1,1,tsa01,0.049137,0.000000
P03,1,1,tsa01,1.741339,0.000000
P03,1,1,tsa02,0.032934,3.099772
P03,1,1,tsa02,0.706430,-1.102149
P03,1,1,tsa02,0.903667,-1.268856
P03,1,1,tsa02,1.478640,-1.268856
P03,1,1,tsa03,0.032833,1.261966
P03,1,1,tsa03,0.525695,0.227213
P03,1,1,tsa03,0.985683,0.460305
P03,1,1,tsa03,1.363524,-1.019741
P03,1,1,tsa03,1.839938,1.830937
P03,1,1,tsa03,2.299926,-0.535241
P03,1,1,tsa03,2.414876,-1.136875
P03,1,1,tsa03,3.219955,-0.355650
P03,1,1,tsa03,3.285531,1.137951
P03,1,1,tsa03,4.369953,-1.152866
P03,1,1,tsa03,4.649166,-1.152866
P03,1,1,tsq01,0.295589,0.648116
P03,1,1,tsq01,0.328530,0.218184
P03,1,1,tsq01,0.460017,1.809679
P03,1,1,tsq01,1.494881,-3.619653
P03,1,1,tsq01,2.661325,0.329988
P03,1,1,tsq01,3.071997,1.157188
P03,1,1,tsq01,3.630603,-0.568728
P03,1,1,tsq01,3.893393,0.834660
P03,1,1,tsq01,4.714811,-1.789629
P03,1,1,tsq01,5.010573,-1.795674
P03,1,1,tsq01,5.158454,-0.320080
P03,1,1,tsq01,5.322614,0.354304
P03,1,1,tsq01,5.536286,-0.429889
P03,1,1,tsq01,6.062089,2.898524
P03,1,1,tsq01,6.768322,2.898524
P03,1,1,tsq02,0.032885,-0.083721
P03,1,1,tsq02,0.279188,-0.382603
P03,1,1,tsq02,0.443604,0.413519
P03,1,1,tsq02,0.788535,-0.411896
P03,1,1,tsq02,1.018512,1.771856
P03,1,1,tsq02,1.708488,1.120968
P03,1,1,tsq02,2.168547,-3.032775
P03,1,1,tsq02,2.414962,0.257709
P03,1,1,tsq02,2.644955,-1.671768
P03,1,1,tsq02,2.891441,-1.671768
P03,1,1,tsq03,0.032814,-1.020927
P03,1,1,tsq03,0.197114,-0.266481
P03,1,1,tsq03,0.591476,0.967058
P03,1,1,tsq03,0.936295,-0.072138
P03,1,1,tsq03,1.084148,-2.678112
P03,1,1,tsq03,1.379880,0.146012
P03,1,1,tsq03,1.642842,-0.569147
P03,1,1,tsq03,1.889193,0.244046
P03,1,1,tsq03,2.529873,2.097296
P03,1,1,tsq03,3.252755,0.652339
P03,1,1,tsq03,4.041402,-2.035519
P03,1,1,tsq03,4.994118,0.902549
P03,1,1,tsq03,5.569150,2.996583
P03,1,1,tsq03,6.982007,-0.880035
P03,1,1,tsq03,7.310566,1.021791
P03,1,1,tsq03,7.918351,3.350811
P03,1,1,tsq03,9.249067,-1.607677
P03,1,1,tsq03,9.446284,-1.117246
P03,1,1,tsq03,9.725553,-1.823406
P03,1,1,tsq03,10.448414,-1.823406
P04,1,1,tsa01,0.049197,-0.924143
P04,1,1,tsa01,0.328565,-0.927345
P04,1,1,tsa01,0.542077,2.082734
P04,1,1,tsa01,3.384141,0.272454
P04,1,1,tsa01,5.059916,-2.547090
P04,1,1,tsa01,5.486919,-0.380785
P04,1,1,tsa01,6.324835,3.297955
P04,1,1,tsa01,9.019107,3.297955
P04,1,1,tsa02,0.032883,2.412419
P04,1,1,tsa02,1.248575,-1.767882
P04,1,1,tsa02,1.610039,-1.767882
P04,1,1,tsa03,0.048921,1.336344
P04,1,1,tsa03,0.755540,1.354282
P04,1,1,tsa03,1.264617,0.241680
P04,1,1,tsa03,2.036785,0.495111
P04,1,1,tsa03,2.743298,2.377650
P04,1,1,tsa03,3.597497,-1.910913
P04,1,1,tsa03,3.778233,0.625323
P04,1,1,tsa03,4.550342,-0.257629
P04,1,1,tsa03,5.306000,-0.683405
P04,1,1,tsa03,5.815312,-0.441601
P04,1,1,tsa03,6.488821,0.233933
P04,1,1,tsa03,7.047405,0.454492
P04,1,1,tsa03,7.540254,-0.941662
P04,1,1,tsa03,8.016703,-0.683650
P04,1,1,tsa03,8.690196,2.448460
P04,1,1,tsa03,9.905953,-4.190914
P04,1,1,tsa03,10.201547,-4.190914
P04,1,1,tsq01,0.049331,0.898249
P04,1,1,tsq01,1.084297,-0.981367
P04,1,1,tsq01,1.330766,-1.177522
P04,1,1,tsq01,2.102945,0.249499
P04,1,1,tsq01,3.219920,-0.060041
P04,1,1,tsq01,3.466508,4.291901
P04,1,1,tsq01,8.493448,-0.996766
P04,1,1,tsq01,8.854889,-1.239606
P04,1,1,tsq01,9.068498,-1.360280
P04,1,1,tsq01,9.561322,-2.408723
P04,1,1,tsq01,9.791362,2.000304
P04,1,1,tsq01,11.023526,0.884763
P04,1,1,tsq01,11.795637,0.884763
P04,1,1,tsq02,0.032816,0.129544
P04,1,1,tsq02,0.427222,-1.465750
P04,1,1,tsq02,0.821443,-2.305859
P04,1,1,tsq02,1.248475,0.204060
P04,1,1,tsq02,1.478556,0.202939
P04,1,1,tsq02,1.905880,-0.159938
P04,1,1,tsq02,2.218014,0.675306
P04,1,1,tsq02,2.760089,0.824601
P04,1,1,tsq02,4.599979,0.824601
P04,1,1,tsq03,0.049360,3.006966
P04,1,1,tsq03,2.201393,1.563431
P04,1,1,tsq03,4.254914,-1.510872
P04,1,1,tsq03,4.583510,-1.264782
P04,1,1,tsq03,5.026991,-0.922682
P04,1,1,tsq03,5.486937,-0.892319
P04,1,1,tsq03,6.292058,-1.478246
P04,1,1,tsq03,6.883366,2.532942
P04,1,1,tsq03,7.869117,2.141748
P04,1,1,tsq03,8.822005,-0.462377
P04,1,1,tsq03,9.495438,0.371625
P04,1,1,tsq03,11.072640,-0.164004
P04,1,1,tsq03,12.255443,-1.495890
P04,1,1,tsq03,12.567571,-0.349005
P04,1,1,tsq03,12.912544,-0.349005
P05,1,1,tsa01,0.049247,0.026345
P05,1,1,tsa01,0.082122,1.069608
P05,1,1,tsa01,1.297828,-0.973421
P05,1,1,tsa01,1.938396,-0.973421
P05,1,1,tsa02,0.032832,0.445578
P05,1,1,tsa02,0.657121,-0.667521
P05,1,1,tsa02,0.969119,-0.555903
P05,1,1,tsa02,1.199254,-0.153671
P05,1,1,tsa02,1.511321,0.429579
P05,1,1,tsa02,2.266947,1.937476
P05,1,1,tsa02,2.595573,1.937476
P05,1,1,tsa03,0.049306,-0.349944
P05,1,1,tsa03,0.279257,1.576448
P05,1,1,tsa03,1.264866,-1.649223
P05,1,1,tsa03,1.807061,0.127833
P05,1,1,tsa03,2.382048,-0.808616
P05,1,1,tsa03,2.628475,0.890916
P05,1,1,tsa03,3.104878,0.231242
P05,1,1,tsa03,3.252842,-1.419289
P05,1,1,tsa03,3.844209,1.940223
P05,1,1,tsa03,4.796954,0.218491
P05,1,1,tsa03,5.240521,0.218491
P05,1,1,tsq01,0.032922,-0.382801
P05,1,1,tsq01,0.279250,0.335955
P05,1,1,tsq01,1.544198,-1.630062
P05,1,1,tsq01,1.807237,-0.097532
P05,1,1,tsq01,2.234176,-0.083428
P05,1,1,tsq01,2.661302,-1.928901
P05,1,1,tsq01,2.858463,0.188738
P05,1,1,tsq01,3.334832,1.038174
P05,1,1,tsq01,4.879126,-0.418946
P05,1,1,tsq01,5.076293,-0.228200
P05,1,1,tsq01,5.437769,-0.773851
P05,1,1,tsq01,6.029130,0.703687
P05,1,1,tsq01,6.407058,-0.325619
P05,1,1,tsq01,7.721322,0.441723
P05,1,1,tsq01,8.246955,0.495281
P05,1,1,tsq01,9.380622,-0.322524
P05,1,1,tsq01,9.676199,-0.475270
P05,1,1,tsq01,10.678372,0.940112
P05,1,1,tsq01,12.616831,-2.987398
P05,1,1,tsq01,13.372667,1.910714
P05,1,1,tsq01,14.506375,0.203219
P05,1,1,tsq01,14.670421,2.359390
P05,1,1,tsq01,16.165502,1.128692
P05,1,1,tsq01,18.629638,1.797796
P05,1,1,tsq01,20.699599,-1.662755
P05,1,1,tsq01,20.946191,-1.662755
P05,1,1,tsq02,0.049375,2.064572
P05,1,1,tsq02,0.854314,0.428210
P05,1,1,tsq02,1.692304,-0.115198
P05,1,1,tsq02,2.250908,-0.053879
P05,1,1,tsq02,2.776599,0.202312
P05,1,1,tsq02,3.745697,1.444262
P05,1,1,tsq02,4.665631,-0.766230
P05,1,1,tsq02,5.043523,0.895924
P05,1,1,tsq02,5.996405,2.368417
P05,1,1,tsq02,7.097110,-0.181203
P05,1,1,tsq02,7.507830,-4.171672
P05,1,1,tsq02,7.770663,-1.727713
P05,1,1,tsq02,8.279878,-1.727713
P05,1,1,tsq03,0.049258,2.633316
P05,1,1,tsq03,0.870699,0.040959
P05,1,1,tsq03,1.034971,0.007284
P05,1,1,tsq03,1.264913,-0.021574
P05,1,1,tsq03,1.478662,0.111179
P05,1,1,tsq03,1.675699,0.391006
P05,1,1,tsq03,2.152097,-2.305063
P05,1,1,tsq03,2.874998,1.020421
P05,1,1,tsq03,3.400627,-0.555168
P05,1,1,tsq03,3.647039,3.665281
P05,1,1,tsq03,4.928559,-1.729258
P05,1,1,tsq03,5.437748,-2.726630
P05,1,1,tsq03,5.519996,-2.726630
P06,1,1,tsa01,0.032930,-1.547893
P06,1,1,tsa01,0.312201,2.787086
P06,1,1,tsa01,1.856401,0.134353
P06,1,1,tsa01,2.694293,-0.187349
P06,1,1,tsa01,4.452083,-0.086920
P06,1,1,tsa01,5.092864,-0.086920
P06,1,1,tsa02,0.049342,0.895895
P06,1,1,tsa02,0.345064,-0.003093
P06,1,1,tsa02,0.788589,-1.148243
P06,1,1,tsa02,1.002314,0.896874
P06,1,1,tsa02,1.725100,-0.153256
P06,1,1,tsa02,2.168543,2.714291
P06,1,1,tsa02,3.614300,-0.567322
P06,1,1,tsa02,3.893543,4.036894
P06,1,1,tsa02,5.191353,-0.434024
P06,1,1,tsa02,5.782813,-0.217935
P06,1,1,tsa02,6.472780,-0.564549
P06,1,1,tsa02,6.949201,-2.052818
P06,1,1,tsa02,7.343427,1.789108
P06,1,1,tsa02,8.361959,0.954010
P06,1,1,tsa02,10.103500,-1.290209
P06,1,1,tsa02,10.842736,-2.630986
P06,1,1,tsa02,10.924873,-1.735167
P06,1,1,tsa02,11.466895,-1.589781
P06,1,1,tsa02,12.058444,0.116509
P06,1,1,tsa02,12.485790,0.116509
P06,1,1,tsa03,0.049171,0.044801
P06,1,1,tsa03,0.197124,1.023144
P06,1,1,tsa03,0.969091,0.991563
P06,1,1,tsa03,1.593422,-1.299173
P06,1,1,tsa03,2.020600,-0.728523
P06,1,1,tsa03,2.414910,1.114498
P06,1,1,tsa03,2.727043,1.114498
P06,1,1,tsq01,0.049499,-1.789712
P06,1,1,tsq01,0.525686,-3.575740
P06,1,1,tsq01,0.969389,3.685356
P06,1,1,tsq01,2.990013,-0.412579
P06,1,1,tsq01,3.252916,0.555771
P06,1,1,tsq01,3.581360,0.481113
P06,1,1,tsq01,3.877051,2.618602
P06,1,1,tsq01,5.174882,-0.941881
P06,1,1,tsq01,5.618484,-1.151819
P06,1,1,tsq01,5.684159,0.770198
P06,1,1,tsq01,6.062030,-1.012483
P06,1,1,tsq01,6.259145,0.082740
P06,1,1,tsq01,6.522167,-0.118542
P06,1,1,tsq01,7.622738,0.384562
P06,1,1,tsq01,8.296379,0.876231
P06,1,1,tsq01,8.624865,-0.965948
P06,1,1,tsq01,9.298645,-1.086806
P06,1,1,tsq01,9.626980,-0.285890
P06,1,1,tsq01,10.169184,0.410343
P06,1,1,tsq01,10.826219,0.380697
P06,1,1,tsq01,11.319174,-0.371077
P06,1,1,tsq01,11.861244,-0.371077
P06,1,1,tsq02,0.147870,0.976112
P06,1,1,tsq02,0.969262,0.913042
P06,1,1,tsq02,1.232105,0.266252
P06,1,1,tsq02,1.593506,0.517533
P06,1,1,tsq02,3.236287,-0.000696
P06,1,1,tsq02,5.174887,3.317697
P06,1,1,tsq02,10.004722,-0.209253
P06,1,1,tsq02,10.448394,0.080414
P06,1,1,tsq02,11.779115,-0.569105
P06,1,1,tsq02,12.058354,0.857574
P06,1,1,tsq02,13.914700,2.335781
P06,1,1,tsq02,16.789747,0.198258
P06,1,1,tsq02,17.775270,0.136273
P06,1,1,tsq02,19.746782,-2.137775
P06,1,1,tsq02,20.124625,-1.285280
P06,1,1,tsq02,20.584582,0.248433
P06,1,1,tsq02,21.143171,-0.878909
P06,1,1,tsq02,21.734574,-1.978086
P06,1,1,tsq02,22.013788,-1.986124
P06,1,1,tsq02,22.753080,-0.536245
P06,1,1,tsq02,22.983097,-1.282871
P06,1,1,tsq02,23.870232,1.905012
P06,1,1,tsq02,24.264580,1.905012
P06,1,1,tsq03,0.016407,-1.047044
P06,1,1,tsq03,0.295614,2.348191
P06,1,1,tsq03,2.480641,1.090774
P06,1,1,tsq03,2.809161,0.947926
P06,1,1,tsq03,3.367678,-1.097390
P06,1,1,tsq03,4.008381,1.431303
P06,1,1,tsq03,4.977627,1.137491
P06,1,1,tsq03,5.832009,-1.128874
P06,1,1,tsq03,6.308404,0.472109
P06,1,1,tsq03,8.197600,-2.023413
P06,1,1,tsq03,8.657822,-0.116351
P06,1,1,tsq03,9.988295,0.040812
P06,1,1,tsq03,10.530429,0.113646
P06,1,1,tsq03,10.809841,0.723552
P06,1,1,tsq03,12.337559,-1.141342
P06,1,1,tsq03,13.126126,-0.493419
P06,1,1,tsq03,14.144674,-0.493419
P07,1,1,tsa01,0.049293,0.000000
P07,1,1,tsa01,0.788601,0.000000
P07,1,1,tsa02,0.032870,2.123619
P07,1,1,tsa02,0.476385,0.857636
P07,1,1,tsa02,0.870682,-1.495688
P07,1,1,tsa02,1.264989,-1.495688
P07,1,1,tsa03,0.049272,0.684123
P07,1,1,tsa03,0.492851,0.023155
P07,1,1,tsa03,1.002092,0.299676
P07,1,1,tsa03,1.314219,1.024383
P07,1,1,tsa03,1.757810,-1.879173
P07,1,1,tsa03,1.889122,1.441146
P07,1,1,tsa03,2.579100,-1.218964
P07,1,1,tsa03,2.907775,1.038796
P07,1,1,tsa03,3.909929,-0.140685
P07,1,1,tsa03,4.287720,1.864435
P07,1,1,tsa03,5.388397,0.665278
P07,1,1,tsa03,5.552667,-3.109134
P07,1,1,tsa03,5.634871,-3.847642
P07,1,1,tsa03,5.700477,1.848721
P07,1,1,tsa03,6.226190,-1.834751
P07,1,1,tsa03,6.341280,-0.451326
P07,1,1,tsa03,6.587580,0.101113
P07,1,1,tsa03,6.965445,0.091434
P07,1,1,tsa03,7.129750,-1.339807
P07,1,1,tsa03,7.228399,0.257276
P07,1,1,tsa03,7.787013,2.574877
P07,1,1,tsa03,9.281861,0.510598
P07,1,1,tsa03,9.643246,1.830199
P07,1,1,tsa03,10.711089,1.830199
P07,1,1,tsq01,0.032968,-0.000706
P07,1,1,tsq01,0.443622,-2.305408
P07,1,1,tsq01,0.706679,0.933020
P07,1,1,tsq01,2.234319,0.209617
P07,1,1,tsq01,2.464255,0.657187
P07,1,1,tsq01,3.072108,0.507786
P07,1,1,tsq01,3.729272,0.998398
P07,1,1,tsq01,4.189314,0.998398
P07,1,1,tsq02,0.032878,2.711247
P07,1,1,tsq02,0.673561,0.657933
P07,1,1,tsq02,1.232038,1.194741
P07,1,1,tsq02,1.954849,-1.070286
P07,1,1,tsq02,2.431257,-1.959931
P07,1,1,tsq02,2.776370,-1.959931
P07,1,1,tsq03,0.049404,-1.307166
P07,1,1,tsq03,0.098665,-1.927191
P07,1,1,tsq03,0.706420,-1.545699
P07,1,1,tsq03,1.002129,-0.739426
P07,1,1,tsq03,1.511506,-0.764020
P07,1,1,tsq03,2.595725,-1.872453
P07,1,1,tsq03,3.137793,3.238476
P07,1,1,tsq03,5.059954,-0.410320
P07,1,1,tsq03,5.306375,0.693030
P07,1,1,tsq03,6.193479,1.956588
P07,1,1,tsq03,8.739926,-0.231870
P07,1,1,tsq03,9.298398,-0.990840
P07,1,1,tsq03,9.824078,-1.374685
P07,1,1,tsq03,10.169134,0.523565
P07,1,1,tsq03,10.284205,1.787878
P07,1,1,tsq03,11.204099,1.911519
P07,1,1,tsq03,12.699096,-0.593843
P07,1,1,tsq03,12.863348,1.525032
P07,1,1,tsq03,13.799814,1.525032
p08,1,1,tsa01,0.032915,-0.217063
p08,1,1,tsa01,0.295790,-0.813770
p08,1,1,tsa01,0.985790,2.987728
p08,1,1,tsa01,3.794964,0.774310
p08,1,1,tsa01,4.616326,-1.906779
p08,1,1,tsa01,5.503477,0.012790
p08,1,1,tsa01,5.635014,0.012790
p08,1,1,tsa02,0.032893,-1.111751
p08,1,1,tsa02,0.657164,2.276791
p08,1,1,tsa02,1.593541,2.276791
p08,1,1,tsa03,0.049195,-0.201218
p08,1,1,tsa03,0.082170,-1.045771
p08,1,1,tsa03,0.426994,-1.045771
p08,1,1,tsq01,0.032820,0.823493
p08,1,1,tsq01,1.002225,-0.001408
p08,1,1,tsq01,1.462131,-1.992869
p08,1,1,tsq01,1.659341,0.541522
p08,1,1,tsq01,2.316364,0.038109
p08,1,1,tsq01,3.844183,-0.068551
p08,1,1,tsq01,4.139986,0.654974
p08,1,1,tsq01,4.304190,-0.764915
p08,1,1,tsq01,5.585575,2.157369
p08,1,1,tsq01,7.376258,-0.424042
p08,1,1,tsq01,7.770571,-0.424042
p08,1,1,tsq02,0.032742,0.745533
p08,1,1,tsq02,0.854106,0.969683
p08,1,1,tsq02,1.478525,1.406999
p08,1,1,tsq02,2.299954,2.589891
p08,1,1,tsq02,3.400602,-2.745233
p08,1,1,tsq02,3.647058,-2.043759
p08,1,1,tsq02,4.123351,-2.043759
p08,1,1,tsq03,0.032967,-0.826619
p08,1,1,tsq03,0.246545,-0.162783
p08,1,1,tsq03,0.476503,-1.970761
p08,1,1,tsq03,0.673588,2.042204
p08,1,1,tsq03,1.495040,0.441332
p08,1,1,tsq03,1.774374,1.507339
p08,1,1,tsq03,2.447915,-0.553887
p08,1,1,tsq03,2.792903,1.697764
p08,1,1,tsq03,3.680094,0.181907
p08,1,1,tsq03,4.156403,-1.241649
p08,1,1,tsq03,4.633017,-1.900735
p08,1,1,tsq03,5.060034,2.374445
p08,1,1,tsq03,5.536361,2.374445
P09,1,1,tsa01,0.032883,-1.476048
P09,1,1,tsa01,0.262728,-1.453265
P09,1,1,tsa01,1.445604,2.577065
P09,1,1,tsa01,3.926398,1.245470
P09,1,1,tsa01,5.371990,1.245470
P09,1,1,tsa02,0.049034,0.206824
P09,1,1,tsa02,0.081938,1.228463
P09,1,1,tsa02,0.607690,-0.399646
P09,1,1,tsa02,0.969161,-0.367928
P09,1,1,tsa02,1.149786,0.720225
P09,1,1,tsa02,1.757550,-1.800328
P09,1,1,tsa02,2.069817,1.177180
P09,1,1,tsa02,2.562583,0.356934
P09,1,1,tsa02,2.595508,0.356934
P09,1,1,tsa03,0.032876,-0.004976
P09,1,1,tsa03,0.591403,-0.083293
P09,1,1,tsa03,2.579266,-0.786444
P09,1,1,tsa03,3.351427,2.980236
P09,1,1,tsa03,5.700615,0.659468
P09,1,1,tsa03,6.439893,-1.046250
P09,1,1,tsa03,7.327085,0.029667
P09,1,1,tsa03,7.425578,-0.850238
P09,1,1,tsa03,8.723451,-0.850238
P09,1,1,tsq01,0.049328,0.204210
P09,1,1,tsq01,0.525643,-1.535110
P09,1,1,tsq01,0.772117,1.742008
P09,1,1,tsq01,3.137823,2.771553
P09,1,1,tsq01,4.534146,0.815673
P09,1,1,tsq01,5.815583,-0.417986
P09,1,1,tsq01,6.078514,-0.401689
P09,1,1,tsq01,6.374129,1.126482
P09,1,1,tsq01,7.277573,-2.558119
P09,1,1,tsq01,7.622651,-0.886987
P09,1,1,tsq01,8.296253,-0.886987
P09,1,1,tsq02,0.049175,2.902869
P09,1,1,tsq02,1.790549,0.260352
P09,1,1,tsq02,2.924049,-0.859445
P09,1,1,tsq02,3.154078,-0.103714
P09,1,1,tsq02,4.057625,-2.243473
P09,1,1,tsq02,4.501155,0.925308
P09,1,1,tsq02,4.763949,0.315719
P09,1,1,tsq02,5.651128,0.315719
P09,1,1,tsq03,0.048676,1.172313
P09,1,1,tsq03,1.001586,-1.265064
P09,1,1,tsq03,1.313867,-0.095333
P09,1,1,tsq03,1.510780,2.105184
P09,1,1,tsq03,3.203003,0.039253
P09,1,1,tsq03,4.221466,-0.670226
P09,1,1,tsq03,4.402239,-1.891517
P09,1,1,tsq03,4.681459,2.959761
P09,1,1,tsq03,6.406436,0.214291
P09,1,1,tsq03,6.505049,0.295294
P09,1,1,tsq03,7.063559,0.863468
P09,1,1,tsq03,7.490699,-2.677837
P09,1,1,tsq03,7.720690,-0.311013
P09,1,1,tsq03,8.722882,0.592174
P09,1,1,tsq03,9.166409,-0.965692
P09,1,1,tsq03,9.330732,0.732922
P09,1,1,tsq03,9.379964,-1.044582
P09,1,1,tsq03,9.593555,0.809180
P09,1,1,tsq03,9.642851,0.809180
P10,1,1,tsa01,0.049300,0.823164
P10,1,1,tsa01,0.969210,-0.233827
P10,1,1,tsa01,1.314228,-0.499187
P10,1,1,tsa01,1.560781,-0.377439
P10,1,1,tsa01,1.856399,-0.061659
P10,1,1,tsa01,2.414941,-0.881977
P10,1,1,tsa01,3.055553,1.345973
P10,1,1,tsa01,3.827707,1.386657
P10,1,1,tsa01,4.813424,-1.560419
P10,1,1,tsa01,5.306259,-0.144549
P10,1,1,tsa01,6.472729,-0.698256
P10,1,1,tsa01,7.491217,-1.776362
P10,1,1,tsa01,8.526191,-0.189748
P10,1,1,tsa01,8.953313,-0.189748
P10,1,1,tsa02,0.049318,-0.331573
P10,1,1,tsa02,0.279323,0.350979
P10,1,1,tsa02,0.870745,-0.373153
P10,1,1,tsa02,1.330688,2.018413
P10,1,1,tsa02,2.283608,-0.568813
P10,1,1,tsa02,2.940611,-1.309678
P10,1,1,tsa02,3.630668,-1.309678
P10,1,1,tsa03,0.049332,1.315230
P10,1,1,tsa03,0.640766,2.671213
P10,1,1,tsa03,1.314405,-2.555251
P10,1,1,tsa03,1.626504,-1.539311
P10,1,1,tsa03,2.004316,-1.539311
P10,1,1,tsq01,0.049279,2.550616
P10,1,1,tsq01,1.034997,-1.578479
P10,1,1,tsq01,1.363537,-0.042025
P10,1,1,tsq01,1.609978,0.118100
P10,1,1,tsq01,1.955025,-2.625842
P10,1,1,tsq01,2.234168,-0.068915
P10,1,1,tsq01,2.546254,0.042894
P10,1,1,tsq01,2.940602,1.285900
P10,1,1,tsq01,3.679869,0.085971
P10,1,1,tsq01,3.959291,-3.018132
P10,1,1,tsq01,4.238524,-1.085060
P10,1,1,tsq01,4.451982,2.293534
P10,1,1,tsq01,5.519817,0.664758
P10,1,1,tsq01,6.029198,0.900458
P10,1,1,tsq01,6.866918,-1.430169
P10,1,1,tsq01,7.097084,1.945425
P10,1,1,tsq01,8.017012,0.384440
P10,1,1,tsq01,8.296275,0.347126
P10,1,1,tsq01,8.591934,0.130503
P10,1,1,tsq01,8.854784,1.184132
P10,1,1,tsq01,9.955573,-3.528491
P10,1,1,tsq01,10.201979,0.205653
P10,1,1,tsq01,10.924805,-0.126558
P10,1,1,tsq01,11.154819,-0.922190
P10,1,1,tsq01,11.384810,2.632475
P10,1,1,tsq01,12.469023,0.490219
P10,1,1,tsq01,13.093312,0.490219
P10,1,1,tsq02,0.049394,2.327691
P10,1,1,tsq02,0.575084,-0.571644
P10,1,1,tsq02,0.739410,0.270039
P10,1,1,tsq02,1.133645,0.486345
P10,1,1,tsq02,1.396467,-1.609782
P10,1,1,tsq02,1.593624,1.593677
P10,1,1,tsq02,1.988011,0.547767
P10,1,1,tsq02,2.201427,-3.209787
P10,1,1,tsq02,2.332946,1.507000
P10,1,1,tsq02,2.546474,1.507000
P10,1,1,tsq03,0.049276,-1.173860
P10,1,1,tsq03,0.509157,-0.786732
P10,1,1,tsq03,0.772081,1.298233
P10,1,1,tsq03,1.314156,1.298233
P11,1,1,tsa01,0.049213,0.715064
P11,1,1,tsa01,0.689965,0.236870
P11,1,1,tsa01,1.281411,2.046647
P11,1,1,tsa01,2.414924,-2.029459
P11,1,1,tsa01,3.269246,-0.235238
P11,1,1,tsa01,3.532049,1.668638
P11,1,1,tsa01,4.287771,-0.454436
P11,1,1,tsa01,4.698459,-0.779837
P11,1,1,tsa01,5.388484,-0.779837
P11,1,1,tsa02,0.049256,0.947046
P11,1,1,tsa02,0.443515,1.928027
P11,1,1,tsa02,1.281416,0.915389
P11,1,1,tsa02,1.741375,0.861970
P11,1,1,tsa02,2.382160,-2.153582
P11,1,1,tsa02,2.727095,-0.805973
P11,1,1,tsa02,3.269226,-0.805973
P11,1,1,tsa03,0.049183,-0.309211
P11,1,1,tsa03,0.394207,-1.340753
P11,1,1,tsa03,0.657045,1.269700
P11,1,1,tsa03,1.626314,0.707085
P11,1,1,tsa03,2.151948,-1.355144
P11,1,1,tsa03,2.414904,2.151800
P11,1,1,tsa03,2.809132,2.151800
P11,1,1,tsq01,0.049482,2.412230
P11,1,1,tsq01,1.807079,-1.641269
P11,1,1,tsq01,1.954926,-1.641269
P11,1,1,tsq02,0.032873,-0.478571
P11,1,1,tsq02,0.361364,-4.171116
P11,1,1,tsq02,0.476257,-2.488711
P11,1,1,tsq02,1.002154,-0.177198
P11,1,1,tsq02,1.396351,3.142315
P11,1,1,tsq02,2.612043,-0.862770
P11,1,1,tsq02,2.776315,0.404704
P11,1,1,tsq02,3.400621,0.909709
P11,1,1,tsq02,4.222013,1.900477
P11,1,1,tsq02,5.174899,-0.146789
P11,1,1,tsq02,5.552768,0.023045
P11,1,1,tsq02,6.308435,1.872398
P11,1,1,tsq02,7.261264,-0.771899
P11,1,1,tsq02,7.770579,0.829725
P11,1,1,tsq02,8.411241,0.829725
P11,1,1,tsq03,0.049308,0.288172
P11,1,1,tsq03,0.246487,1.834781
P11,1,1,tsq03,2.119315,-1.896254
P11,1,1,tsq03,2.513582,-1.896254
P12,1,1,tsa01,0.049450,0.868292
P12,1,1,tsa01,1.692303,-0.159575
P12,1,1,tsa01,3.713007,0.565842
P12,1,1,tsa01,4.172785,0.565842
P12,1,1,tsa02,0.049194,0.531002
P12,1,1,tsa02,0.558455,-0.674536
P12,1,1,tsa02,0.969150,1.783194
P12,1,1,tsa02,2.727007,0.896934
P12,1,1,tsa02,3.236323,1.648431
P12,1,1,tsa02,3.991979,0.168908
P12,1,1,tsa02,4.435527,-0.635156
P12,1,1,tsa02,4.878991,-1.802350
P12,1,1,tsa02,5.306230,-1.878615
P12,1,1,tsa02,5.848260,-1.878615
P12,1,1,tsa03,0.049239,0.153974
P12,1,1,tsa03,0.312076,-0.958656
P12,1,1,tsa03,0.706417,0.114224
P12,1,1,tsa03,1.511337,-1.639755
P12,1,1,tsa03,1.971509,0.013373
P12,1,1,tsa03,2.907879,0.302618
P12,1,1,tsa03,3.762052,2.179057
P12,1,1,tsa03,4.764353,-1.898012
P12,1,1,tsa03,4.994274,-0.628639
P12,1,1,tsa03,5.881291,1.888216
P12,1,1,tsa03,7.097021,2.163930
P12,1,1,tsa03,7.622825,2.163930
P12,1,1,tsq01,0.032871,0.889489
P12,1,1,tsq01,0.952807,-0.106156
P12,1,1,tsq01,1.528004,0.185649
P12,1,1,tsq01,2.004404,-2.854460
P12,1,1,tsq01,2.546325,2.533026
P12,1,1,tsq01,4.714929,0.464964
P12,1,1,tsq01,6.423402,1.322950
P12,1,1,tsq01,7.507769,2.673740
P12,1,1,tsq01,8.986315,-2.114567
P12,1,1,tsq01,9.249175,-0.411063
P12,1,1,tsq01,9.446420,-0.741474
P12,1,1,tsq01,9.988506,-0.099216
P12,1,1,tsq01,10.826607,-1.578320
P12,1,1,tsq01,11.187703,-1.578320
P12,1,1,tsq02,0.049140,2.479463
P12,1,1,tsq02,3.187177,0.560053
P12,1,1,tsq02,3.679975,-0.249893
P12,1,1,tsq02,5.026984,-2.281560
P12,1,1,tsq02,5.552902,0.517042
P12,1,1,tsq02,5.914045,-0.857822
P12,1,1,tsq02,6.177025,-0.857822
P12,1,1,tsq03,0.049154,2.460952
P12,1,1,tsq03,0.837928,-0.039010
P12,1,1,tsq03,1.675566,0.972302
P12,1,1,tsq03,2.217760,-0.125272
P12,1,1,tsq03,2.809103,-1.668704
P12,1,1,tsq03,3.104976,-1.668704
P13,1,1,tsa01,0.049299,0.000000
P13,1,1,tsa02,0.049329,-1.601450
P13,1,1,tsa02,0.328505,0.192261
P13,1,1,tsa02,0.509273,0.192261
P13,1,1,tsa03,0.049299,0.633791
P13,1,1,tsa03,0.082154,-0.755761
P13,1,1,tsa03,0.509255,-0.250126
P13,1,1,tsa03,2.053504,2.024146
P13,1,1,tsa03,3.893448,0.523647
P13,1,1,tsa03,5.010569,-1.043531
P13,1,1,tsa03,5.700672,-1.043531
P13,1,1,tsq01,0.049270,0.092013
P13,1,1,tsq01,0.361340,1.757960
P13,1,1,tsq01,2.464224,-0.639692
P13,1,1,tsq01,2.694188,0.311198
P13,1,1,tsq01,3.022773,0.759929
P13,1,1,tsq01,4.796940,-0.485008
P13,1,1,tsq01,5.536245,0.144422
P13,1,1,tsq01,6.456155,-1.253885
P13,1,1,tsq01,7.474766,-0.066650
P13,1,1,tsq01,7.688297,0.454935
P13,1,1,tsq01,7.951143,0.310290
P13,1,1,tsq01,8.312593,1.492577
P13,1,1,tsq01,9.446189,-1.529318
P13,1,1,tsq01,9.807564,2.887977
P13,1,1,tsq01,13.898234,-0.782416
P13,1,1,tsq01,13.964054,-3.556687
P13,1,1,tsq01,14.193979,-3.556687
P13,1,1,tsq02,0.049201,-0.735042
P13,1,1,tsq02,0.246365,2.239398
P13,1,1,tsq02,1.117080,1.440203
P13,1,1,tsq02,2.135540,0.908975
P13,1,1,tsq02,2.480652,2.052568
P13,1,1,tsq02,3.663432,0.297641
P13,1,1,tsq02,4.829771,1.268011
P13,1,1,tsq02,5.881244,-0.092050
P13,1,1,tsq02,6.045514,-1.784401
P13,1,1,tsq02,6.341221,-2.638974
P13,1,1,tsq02,6.604025,-1.956953
P13,1,1,tsq02,7.031256,0.067212
P13,1,1,tsq02,7.441916,0.067212
P13,1,1,tsq03,0.032822,-0.495939
P13,1,1,tsq03,0.821317,0.703835
P13,1,1,tsq03,1.807045,-0.794440
P13,1,1,tsq03,2.382024,1.174986
P13,1,1,tsq03,5.848416,1.216318
P13,1,1,tsq03,7.343513,-2.516093
P13,1,1,tsq03,7.655471,-1.172718
P13,1,1,tsq03,7.934733,1.331084
P13,1,1,tsq03,8.920483,1.331084
P14,1,1,tsa01,0.049239,0.909977
P14,1,1,tsa01,0.690031,-1.681313
P14,1,1,tsa01,0.920073,0.823848
P14,1,1,tsa01,1.379872,-0.466451
P14,1,1,tsa01,2.267048,-1.652417
P14,1,1,tsa01,2.956983,0.474338
P14,1,1,tsa01,4.222083,3.831843
P14,1,1,tsa01,7.918290,0.289492
P14,1,1,tsa01,8.854723,-1.713724
P14,1,1,tsa01,9.446209,-1.713724
P14,1,1,tsa02,0.049067,1.511735
P14,1,1,tsa02,1.642728,-0.236073
P14,1,1,tsa02,2.168305,0.880120
P14,1,1,tsa02,3.121149,0.462506
P14,1,1,tsa02,4.780556,-0.449395
P14,1,1,tsa02,5.322607,-1.636884
P14,1,1,tsa02,6.817502,-1.636884
P14,1,1,tsa03,0.049242,3.099170
P14,1,1,tsa03,1.576965,0.126549
P14,1,1,tsa03,2.168378,0.862953
P14,1,1,tsa03,3.022713,-2.085901
P14,1,1,tsa03,3.696187,-1.405975
P14,1,1,tsa03,4.024882,-1.405975
P14,1,1,tsq01,0.049166,0.710297
P14,1,1,tsq01,1.002067,-0.086109
P14,1,1,tsq01,1.379839,2.778263
P14,1,1,tsq01,2.841920,-2.083374
P14,1,1,tsq01,3.449818,0.665475
P14,1,1,tsq01,4.205560,-0.407890
P14,1,1,tsq01,4.501193,-0.886130
P14,1,1,tsq01,5.388487,-0.886130
P14,1,1,tsq02,0.049326,0.494409
P14,1,1,tsq02,1.347183,0.493953
P14,1,1,tsq02,2.858659,-0.054538
P14,1,1,tsq02,4.057793,-1.140893
P14,1,1,tsq02,4.764180,0.108767
P14,1,1,tsq02,6.949162,2.637036
P14,1,1,tsq02,9.199877,1.904750
P14,1,1,tsq02,10.464786,-0.109241
P14,1,1,tsq02,11.072657,-3.043693
P14,1,1,tsq02,11.532701,-0.046388
P14,1,1,tsq02,11.713333,-0.046388
P14,1,1,tsq03,0.049370,0.874849
P14,1,1,tsq03,0.755649,0.548391
P14,1,1,tsq03,5.289962,-0.971826
P14,1,1,tsq03,5.454305,0.186537
P14,1,1,tsq03,5.651340,0.186537
P15,1,1,tsa01,0.049398,0.000000
P15,1,1,tsa02,0.049237,-0.328634
P15,1,1,tsa02,0.115089,0.184164
P15,1,1,tsa02,0.262860,0.575297
P15,1,1,tsa02,0.657103,-0.291073
P15,1,1,tsa02,1.002106,-0.291073
P15,1,1,tsa03,0.049226,-0.133723
P15,1,1,tsa03,0.082128,1.501411
P15,1,1,tsa03,0.805021,-1.339278
P15,1,1,tsa03,1.314459,1.929401
P15,1,1,tsa03,2.907716,-2.732315
P15,1,1,tsa03,3.170680,1.403813
P15,1,1,tsa03,3.992122,-1.354577
P15,1,1,tsa03,4.287728,3.033906
P15,1,1,tsa03,5.864872,0.803914
P15,1,1,tsa03,6.702662,-2.105584
P15,1,1,tsa03,7.113382,-0.667107
P15,1,1,tsa03,7.524199,-0.667107
P15,1,1,tsq01,0.032853,-0.150477
P15,1,1,tsq01,0.197126,-0.246689
P15,1,1,tsq01,0.690042,1.359925
P15,1,1,tsq01,1.412813,0.045861
P15,1,1,tsq01,2.102882,-1.103074
P15,1,1,tsq01,2.332792,-0.437190
P15,1,1,tsq01,2.546496,0.597441
P15,1,1,tsq01,4.074212,-2.581764
P15,1,1,tsq01,4.517808,0.079108
P15,1,1,tsq01,5.372102,1.169585
P15,1,1,tsq01,6.505605,1.848152
P15,1,1,tsq01,9.413495,-2.099848
P15,1,1,tsq01,10.103434,1.847048
P15,1,1,tsq01,11.352015,1.847048
P15,1,1,tsq02,0.032875,0.519240
P15,1,1,tsq02,0.262847,-0.262551
P15,1,1,tsq02,0.706408,-0.759166
P15,1,1,tsq02,1.100765,0.217371
P15,1,1,tsq02,1.478552,0.451563
P15,1,1,tsq02,2.398490,0.661262
P15,1,1,tsq02,3.433467,-1.649523
P15,1,1,tsq02,3.663502,0.188324
P15,1,1,tsq02,4.024853,-0.864592
P15,1,1,tsq02,4.665562,2.824009
P15,1,1,tsq02,6.735538,-0.597232
P15,1,1,tsq02,7.146235,-1.549119
P15,1,1,tsq02,8.230516,1.909666
P15,1,1,tsq02,8.608353,1.909666
P15,1,1,tsq03,0.032842,-1.220199
P15,1,1,tsq03,0.262888,0.494257
P15,1,1,tsq03,0.460010,-0.491609
P15,1,1,tsq03,1.905766,0.138704
P15,1,1,tsq03,2.727136,-1.721339
P15,1,1,tsq03,3.137838,-0.153547
P15,1,1,tsq03,4.074267,1.167861
P15,1,1,tsq03,4.829868,-1.419398
P15,1,1,tsq03,5.027081,4.481387
P15,1,1,tsq03,9.183445,0.621071
P15,1,1,tsq03,11.894169,-1.430284
P15,1,1,tsq03,12.271938,-1.430284
