subj,exp_id,ses_id,stim,timestamp,x,y,duration,sacc_amplitude,sacc_dur
P01,1,1,tsa01,0.049342,1073.093486,852.772886,0.344928,511.947391,0.032795
P01,1,1,tsa01,0.427065,1149.204800,346.514850,0.591352,766.001642,0.065903
P01,1,1,tsa01,1.084320,420.534171,110.299629,0.229844,879.211539,0.082104
P01,1,1,tsa01,1.396268,931.621895,825.703200,0.312224,650.083695,0.065752
P01,1,1,tsa01,1.774244,923.046109,175.676073,0.542001,774.569108,0.082139
P01,1,1,tsa01,2.398384,730.877785,926.028415,0.640735,378.184448,0.065678
P01,1,1,tsa01,3.104797,1035.075987,701.335446,3.220037,332.499727,0.016308
P01,1,1,tsa01,6.341142,1209.303890,418.138153,1.905740,91.630484,0.016475
P01,1,1,tsa01,8.263357,1231.116655,507.134495,0.722746,499.167559,0.032943
P01,1,1,tsa01,9.019046,912.377891,891.287918,0.361458,273.246003,0.016375
P01,1,1,tsa01,9.396879,714.764308,1080.000000,0.427084,0.000000,0.016375
P01,1,1,tsa02,0.032875,567.660218,593.371145,0.180701,264.200433,0.016501
P01,1,1,tsa02,0.230077,509.431800,335.667206,0.525797,518.318008,0.016320
P01,1,1,tsa02,0.772194,699.614080,817.833420,0.492816,586.166401,0.082149
P01,1,1,tsa02,1.347159,459.196800,283.239573,0.361410,1094.175519,0.098531
P01,1,1,tsa02,1.807100,1442.951855,762.244855,0.542112,916.938800,0.082244
P01,1,1,tsa02,2.431456,582.830682,1080.000000,0.558509,676.797917,0.065711
P01,1,1,tsa02,3.055676,532.103040,405.105840,0.082180,0.000000,0.065711
P01,1,1,tsa03,0.049249,837.560533,608.699400,0.443603,323.734210,0.032997
P01,1,1,tsa03,0.525849,1146.336000,705.969900,0.098509,672.113928,0.065794
P01,1,1,tsa03,0.690152,475.098831,740.288908,0.213376,460.900886,0.016441
P01,1,1,tsa03,0.919969,786.588800,1080.000000,0.591413,0.000000,0.016441
P01,1,1,tsq01,0.032870,878.186425,160.036070,1.593535,178.410801,0.049318
P01,1,1,tsq01,1.675723,1000.134400,290.263200,0.147771,395.761080,0.065790
P01,1,1,tsq01,1.889284,758.461404,603.665491,0.870672,200.117306,0.032985
P01,1,1,tsq01,2.792941,732.138353,802.044000,0.837719,707.798665,0.065661
P01,1,1,tsq01,3.696321,1438.932096,839.747520,0.410806,419.336477,0.016399
P01,1,1,tsq01,4.123526,1502.897600,425.318400,0.295757,597.922992,0.016317
P01,1,1,tsq01,4.435600,931.430954,601.209779,1.708522,252.908184,0.082267
P01,1,1,tsq01,6.226389,1128.405656,759.839902,0.706304,669.744917,0.065774
P01,1,1,tsq01,6.998467,511.161290,499.902126,1.018638,376.898404,0.016251
P01,1,1,tsq01,8.033356,860.953149,640.251913,1.166571,232.754925,0.032871
P01,1,1,tsq01,9.232798,1081.980960,713.200950,0.328453,467.538198,0.032953
P01,1,1,tsq01,9.594204,1416.025448,386.082857,1.034814,468.918809,0.032916
P01,1,1,tsq01,10.661934,948.663360,347.905260,0.164353,497.962139,0.032834
P01,1,1,tsq01,10.859121,473.325352,496.296869,0.476474,706.721345,0.082147
P01,1,1,tsq01,11.417742,1146.105600,712.680318,0.804876,510.678375,0.065724
P01,1,1,tsq01,12.288342,713.802764,984.538113,0.903650,480.496440,0.049127
P01,1,1,tsq01,13.241119,936.857600,558.952200,0.049429,52.099251,0.016477
P01,1,1,tsq01,13.307025,954.777600,607.872600,0.016428,0.000000,0.016477
P01,1,1,tsq02,0.016351,840.236160,153.929228,1.314343,318.272679,0.065645
P01,1,1,tsq02,1.396339,566.175360,315.756840,0.739271,833.230741,0.082238
P01,1,1,tsq02,2.217848,1390.819388,435.070271,0.837814,923.803897,0.082104
P01,1,1,tsq02,3.137766,478.030014,292.840883,0.476474,389.070887,0.032824
P01,1,1,tsq02,3.647064,593.868343,664.267371,0.344906,805.904056,0.082278
P01,1,1,tsq02,4.074248,1373.802000,461.326894,0.525615,945.437254,0.082224
P01,1,1,tsq02,4.682087,433.037558,367.444705,0.624280,865.260747,0.065691
P01,1,1,tsq02,5.372058,923.895086,1080.000000,0.460059,821.351569,0.082045
P01,1,1,tsq02,5.914162,918.841263,258.663979,0.312103,503.754978,0.065778
P01,1,1,tsq02,6.292043,584.524800,635.494950,0.065645,0.000000,0.065778
P01,1,1,tsq03,0.032962,299.782400,302.229000,0.098499,571.438936,0.065751
P01,1,1,tsq03,0.197212,861.136070,195.343474,0.755714,642.436058,0.049267
P01,1,1,tsq03,1.002193,1341.574080,621.844830,0.328669,617.483665,0.065679
P01,1,1,tsq03,1.396541,725.106071,657.246388,0.279308,400.681069,0.049182
P01,1,1,tsq03,1.725031,324.710756,642.116600,0.443619,1072.699229,0.098543
P01,1,1,tsq03,2.267193,1397.404457,645.560164,0.459951,470.315544,0.032851
P01,1,1,tsq03,2.759995,928.305000,611.760600,0.262862,479.381939,0.049311
P01,1,1,tsq03,3.072168,1407.464229,597.149743,0.229976,689.971276,0.065691
P01,1,1,tsq03,3.367835,718.101333,626.118000,0.147863,478.005679,0.032934
P01,1,1,tsq03,3.548632,868.036518,1080.000000,0.558578,0.000000,0.032934
P02,1,1,tsa01,0.049353,894.898268,842.669522,2.595587,46.707207,0.032915
P02,1,1,tsa01,2.677855,894.941133,795.962334,5.207823,559.426947,0.049173
P02,1,1,tsa01,7.934851,1432.114971,952.176214,0.459976,515.647081,0.065774
P02,1,1,tsa01,8.460601,917.516571,985.045629,0.230005,336.534821,0.016371
P02,1,1,tsa01,8.706977,581.163840,996.114780,0.164350,0.000000,0.016371
P02,1,1,tsa02,0.032878,501.595826,306.322983,0.377772,714.296891,0.082312
P02,1,1,tsa02,0.492962,654.733673,1004.011200,0.542004,0.000000,0.082312
P02,1,1,tsa03,0.049386,1130.223247,667.919012,0.558437,631.887323,0.065714
P02,1,1,tsa03,0.673537,510.530021,544.379968,0.312122,280.768520,0.032861
P02,1,1,tsa03,1.018520,341.523200,768.584465,2.267076,975.661707,0.082171
P02,1,1,tsa03,3.367767,1317.133056,778.643064,0.410776,543.573746,0.065710
P02,1,1,tsa03,3.844253,864.743385,1080.000000,0.640663,579.198411,0.049325
P02,1,1,tsa03,4.534241,1254.055153,651.156035,0.837781,0.000000,0.049325
P02,1,1,tsq01,0.032863,730.980533,307.391700,0.591519,521.946896,0.016442
P02,1,1,tsq01,0.640824,1235.403520,173.279760,0.739138,503.720675,0.049330
P02,1,1,tsq01,1.429292,731.788608,183.601512,0.821428,442.058074,0.065605
P02,1,1,tsq01,2.316325,738.004469,625.615883,0.952862,307.767397,0.065907
P02,1,1,tsq01,3.335094,1034.638269,707.647338,2.004076,546.693853,0.049329
P02,1,1,tsq01,5.388499,1143.211200,171.843187,0.525677,590.637845,0.082131
P02,1,1,tsq01,5.996307,554.870400,223.883242,0.936464,423.861396,0.049300
P02,1,1,tsq01,6.982071,961.354240,344.005560,0.246361,391.017156,0.032943
P02,1,1,tsq01,7.261375,1346.847600,409.498200,0.262808,336.574071,0.032817
P02,1,1,tsq01,7.557000,1158.807516,688.645172,0.985836,706.261650,0.081956
P02,1,1,tsq01,8.624792,644.456686,204.652671,0.690004,599.719491,0.016425
P02,1,1,tsq01,9.331221,1239.459300,279.721687,0.525771,176.443379,0.065671
P02,1,1,tsq01,9.922663,1097.876456,174.428933,1.757809,559.555320,0.049338
P02,1,1,tsq01,11.729810,974.245770,720.155613,4.254936,469.431917,0.032822
P02,1,1,tsq01,16.017568,639.350400,1049.110650,0.312099,403.123984,0.016427
P02,1,1,tsq01,16.346094,887.104000,731.105775,0.394257,410.383309,0.049287
P02,1,1,tsq01,16.789638,502.553535,587.803996,1.610039,842.001498,0.065701
P02,1,1,tsq01,18.465378,1340.695367,668.332193,1.412892,250.393004,0.016379
P02,1,1,tsq01,19.894649,1101.489600,594.323700,0.295749,450.308951,0.049220
P02,1,1,tsq01,20.239618,699.556200,797.369738,0.525721,0.000000,0.049220
P02,1,1,tsq02,0.032671,724.663200,204.728850,0.460019,509.881257,0.032910
P02,1,1,tsq02,0.525600,1233.436364,171.131768,0.722897,662.614066,0.065693
P02,1,1,tsq02,1.314190,629.397257,443.517814,0.459956,367.940815,0.016374
P02,1,1,tsq02,1.790520,586.378240,808.935120,0.246456,761.881994,0.082204
P02,1,1,tsq02,2.119180,1270.451520,473.513117,1.149919,831.361278,0.082201
P02,1,1,tsq02,3.351300,452.241969,326.221892,0.427070,0.000000,0.082201
P02,1,1,tsq03,0.032960,776.687418,263.980473,0.542064,527.798250,0.049312
P02,1,1,tsq03,0.624336,1302.491657,218.144957,0.460113,563.886519,0.032753
P02,1,1,tsq03,1.117202,905.916258,619.013963,1.067847,366.770349,0.065686
P02,1,1,tsq03,2.250735,1268.287376,562.377732,0.673573,634.400157,0.065716
P02,1,1,tsq03,2.990024,644.527729,678.081936,1.938464,0.000000,0.065716
P03,1,1,tsa01,0.049137,1039.106598,662.643847,1.396539,500.322425,0.295663
P03,1,1,tsa01,1.741339,763.178400,1080.000000,0.065659,0.000000,0.295663
P03,1,1,tsa02,0.032934,583.022147,333.290984,0.624323,396.040037,0.049173
P03,1,1,tsa02,0.706430,737.486400,697.966875,0.131439,628.512699,0.065798
P03,1,1,tsa02,0.903667,1325.683200,919.445400,0.197098,678.790890,0.377875
P03,1,1,tsa02,1.478640,666.153600,1080.000000,0.114916,0.000000,0.377875
P03,1,1,tsa03,0.032833,803.465956,463.585600,0.443554,452.382400,0.049308
P03,1,1,tsa03,0.525695,352.576985,500.313946,0.427137,420.670713,0.032851
P03,1,1,tsa03,0.985683,456.113280,92.583540,0.328627,522.203289,0.049214
P03,1,1,tsa03,1.363524,976.522368,49.332456,0.410762,633.844654,0.065652
P03,1,1,tsa03,1.839938,1216.188089,636.119800,0.443535,241.582342,0.016453
P03,1,1,tsa03,2.299926,1001.141760,526.042080,0.082053,464.793652,0.032897
P03,1,1,tsa03,2.414876,537.566400,492.411375,0.394252,650.178600,0.410827
P03,1,1,tsa03,3.219955,815.904000,1080.000000,0.032831,346.123520,0.032745
P03,1,1,tsa03,3.285531,469.780480,1080.000000,0.821545,576.122753,0.262877
P03,1,1,tsa03,4.369953,496.390154,504.492092,0.213572,743.662613,0.065641
P03,1,1,tsa03,4.649166,1195.724000,757.407600,0.197230,0.000000,0.065641
P03,1,1,tsq01,0.295589,1141.200000,418.143600,0.016380,218.995651,0.016561
P03,1,1,tsq01,0.328530,933.339429,487.086171,0.114870,346.849313,0.016617
P03,1,1,tsq01,0.460017,706.650485,749.605826,0.772050,780.073855,0.262814
P03,1,1,tsq01,1.494881,0.000000,1080.000000,0.016437,1282.585511,1.150007
P03,1,1,tsq01,2.661325,1084.342400,394.998429,0.344948,540.977793,0.065724
P03,1,1,tsq01,3.071997,725.159700,799.528725,0.525744,492.019010,0.032862
P03,1,1,tsq01,3.630603,984.615273,381.479073,0.180661,487.932024,0.082129
P03,1,1,tsq01,3.893393,963.908677,868.971531,0.427176,687.759688,0.394242
P03,1,1,tsq01,4.714811,1618.492800,1080.000000,0.016476,846.294986,0.279286
P03,1,1,tsq01,5.010573,875.560320,674.701920,0.082105,647.710360,0.065776
P03,1,1,tsq01,5.158454,1030.976914,45.913886,0.114948,478.010884,0.049212
P03,1,1,tsq01,5.322614,1364.476800,388.364220,0.164335,539.889526,0.049337
P03,1,1,tsq01,5.536286,826.331200,345.005100,0.197163,483.820920,0.328640
P03,1,1,tsq01,6.062089,716.217834,816.129000,0.673427,415.513066,0.032806
P03,1,1,tsq01,6.768322,1126.458240,750.144780,0.328636,0.000000,0.032806
P03,1,1,tsq02,0.032885,346.358400,257.595660,0.164263,620.201811,0.082040
P03,1,1,tsq02,0.279188,947.274000,411.058125,0.131503,453.708164,0.032913
P03,1,1,tsq02,0.443604,672.201600,50.244776,0.279248,681.255256,0.065683
P03,1,1,tsq02,0.788535,1350.210327,116.674364,0.180774,443.376815,0.049203
P03,1,1,tsq02,1.018512,1277.927495,554.119437,0.624377,752.103539,0.065599
P03,1,1,tsq02,1.708488,555.409200,345.248550,0.394240,629.827576,0.065819
P03,1,1,tsq02,2.168547,1173.271680,223.065360,0.164302,863.324497,0.082113
P03,1,1,tsq02,2.414962,1298.582400,1077.247080,0.164310,549.255960,0.065683
P03,1,1,tsq02,2.644955,754.382400,1002.893400,0.197080,671.734139,0.049406
P03,1,1,tsq02,2.891441,608.091886,347.282357,0.689936,0.000000,0.049406
P03,1,1,tsq03,0.032814,390.856320,332.069760,0.082077,701.040497,0.082223
P03,1,1,tsq03,0.197114,1091.730743,347.328257,0.344980,603.791936,0.049382
P03,1,1,tsq03,0.591476,556.302821,68.255432,0.312014,321.500227,0.032805
P03,1,1,tsq03,0.936295,876.681600,41.425714,0.115091,446.149436,0.032762
P03,1,1,tsq03,1.084148,1322.814277,45.292708,0.213590,939.479965,0.082142
P03,1,1,tsq03,1.379880,637.484308,687.901015,0.213733,432.000383,0.049229
P03,1,1,tsq03,1.642842,1047.216873,550.993909,0.180750,624.733118,0.065601
P03,1,1,tsq03,1.889193,440.012343,697.943314,0.345005,544.102867,0.295675
P03,1,1,tsq03,2.529873,969.066971,570.864086,0.689970,350.667103,0.032912
P03,1,1,tsq03,3.252755,1319.519787,583.121400,0.739313,471.801697,0.049334
P03,1,1,tsq03,4.041402,1285.364978,112.557600,0.443403,1100.636691,0.509313
P03,1,1,tsq03,4.994118,329.791059,658.707406,0.558622,564.893652,0.016410
P03,1,1,tsq03,5.569150,885.285159,556.086049,1.084257,464.270721,0.328600
P03,1,1,tsq03,6.982007,1349.538600,560.091712,0.262821,835.499448,0.065738
P03,1,1,tsq03,7.310566,514.042182,557.841600,0.542226,498.565539,0.065559
P03,1,1,tsq03,7.918351,996.085662,430.555777,1.281439,509.714513,0.049277
P03,1,1,tsq03,9.249067,1486.112400,290.260800,0.131388,550.784467,0.065829
P03,1,1,tsq03,9.446284,1699.789714,797.907857,0.229925,492.517821,0.049344
P03,1,1,tsq03,9.725553,1717.303096,305.701513,0.377800,1111.497531,0.345061
P03,1,1,tsq03,10.448414,667.248480,670.135410,0.328494,0.000000,0.345061
P04,1,1,tsa01,0.049197,898.837120,483.243840,0.246492,407.087650,0.032876
P04,1,1,tsa01,0.328565,621.468800,781.215600,0.147735,548.011882,0.065777
P04,1,1,tsa01,0.542077,1154.076126,652.194442,2.809274,362.411375,0.032790
P04,1,1,tsa01,3.384141,869.894592,877.100778,1.642854,438.007072,0.032921
P04,1,1,tsa01,5.059916,1184.565287,572.416435,0.377845,637.782268,0.049158
P04,1,1,tsa01,5.486919,755.709000,1044.484762,0.788598,401.465584,0.049318
P04,1,1,tsa01,6.324835,1025.423463,747.115088,2.644945,174.373300,0.049327
P04,1,1,tsa01,9.019107,1173.942400,655.746750,0.197138,0.000000,0.049327
P04,1,1,tsa02,0.032883,458.454446,372.398811,1.149955,778.961211,0.065737
P04,1,1,tsa02,1.248575,1086.930635,832.614247,0.279261,800.111394,0.082203
P04,1,1,tsa02,1.610039,457.025280,339.260940,0.328518,0.000000,0.082203
P04,1,1,tsa03,0.048921,1149.989169,579.767400,0.640735,503.726648,0.065884
P04,1,1,tsa03,0.755540,646.274979,583.310048,0.476209,291.212802,0.032868
P04,1,1,tsa03,1.264617,361.558549,644.477442,0.706418,870.445473,0.065750
P04,1,1,tsa03,2.036785,1231.997046,640.992738,0.640622,716.798002,0.065891
P04,1,1,tsa03,2.743298,519.421518,563.304306,0.804830,421.659151,0.049369
P04,1,1,tsa03,3.597497,940.729600,580.507200,0.147745,480.044415,0.032991
P04,1,1,tsa03,3.778233,1177.064686,162.669471,0.689941,749.439467,0.082168
P04,1,1,tsa03,4.550342,427.730233,175.215056,0.706395,819.589522,0.049263
P04,1,1,tsa03,5.306000,1147.191877,567.773238,0.427113,783.280636,0.082199
P04,1,1,tsa03,5.815312,364.745600,603.917100,0.591344,905.034746,0.082165
P04,1,1,tsa03,6.488821,1265.084800,695.988900,0.492800,608.423494,0.065784
P04,1,1,tsa03,7.047405,662.242338,613.768985,0.427114,484.002142,0.065735
P04,1,1,tsa03,7.540254,1146.014208,598.840776,0.410726,828.585587,0.065723
P04,1,1,tsa03,8.016703,319.925211,663.113983,0.575000,957.720514,0.098493
P04,1,1,tsa03,8.690196,1276.709486,705.451140,1.150009,504.391300,0.065748
P04,1,1,tsa03,9.905953,1016.780308,273.192646,0.213522,850.664236,0.082072
P04,1,1,tsa03,10.201547,747.166629,1080.000000,0.460020,0.000000,0.082072
P04,1,1,tsq01,0.049331,840.711502,384.097043,1.002098,439.327877,0.032868
P04,1,1,tsq01,1.084297,1277.880800,340.600050,0.197124,598.343585,0.049345
P04,1,1,tsq01,1.330766,751.834743,625.715100,0.689958,491.618619,0.082221
P04,1,1,tsq01,2.102945,706.125489,136.226049,1.067785,342.600822,0.049190
P04,1,1,tsq01,3.219920,698.194971,478.735071,0.230042,411.438079,0.016546
P04,1,1,tsq01,3.466508,1047.843711,695.592287,4.961257,383.958079,0.065683
P04,1,1,tsq01,8.493448,675.903158,790.902474,0.312189,429.157845,0.049252
P04,1,1,tsq01,8.854889,744.452400,367.254675,0.131499,675.617638,0.082110
P04,1,1,tsq01,9.068498,1366.700160,104.068584,0.410609,850.823805,0.082215
P04,1,1,tsq01,9.561322,520.427733,191.955600,0.147870,750.505082,0.082170
P04,1,1,tsq01,9.791362,1075.016924,697.612310,1.166397,156.098882,0.065767
P04,1,1,tsq01,11.023526,1192.919253,595.309320,0.739197,365.755997,0.032914
P04,1,1,tsq01,11.795637,842.324800,699.525337,0.788563,0.000000,0.032914
P04,1,1,tsq02,0.032816,796.368000,407.539029,0.345124,309.566592,0.049282
P04,1,1,tsq02,0.427222,609.053673,161.074391,0.361331,707.620100,0.032890
P04,1,1,tsq02,0.821443,1316.664436,164.709327,0.361378,561.507895,0.065654
P04,1,1,tsq02,1.248475,936.675692,578.109462,0.213648,434.364242,0.016433
P04,1,1,tsq02,1.478556,502.597200,562.356450,0.394294,429.749951,0.033030
P04,1,1,tsq02,1.905880,908.279718,704.154600,0.279179,488.817726,0.032955
P04,1,1,tsq02,2.218014,1390.749900,625.635225,0.525521,278.280872,0.016554
P04,1,1,tsq02,2.760089,1238.455733,392.725950,1.774238,709.646963,0.065652
P04,1,1,tsq02,4.599979,530.636281,341.829632,1.823544,0.000000,0.065652
P04,1,1,tsq03,0.049360,1166.753764,519.586257,2.086406,421.879880,0.065627
P04,1,1,tsq03,2.201393,753.410107,604.023541,2.020701,513.986706,0.032820
P04,1,1,tsq03,4.254914,983.810400,144.569475,0.262869,521.818404,0.065727
P04,1,1,tsq03,4.583510,1134.542000,644.143725,0.394251,620.581321,0.049230
P04,1,1,tsq03,5.026991,692.783600,1080.000000,0.394373,459.644150,0.065573
P04,1,1,tsq03,5.486937,841.880914,645.209550,0.755758,619.115724,0.049363
P04,1,1,tsq03,6.292058,476.571600,145.356187,0.525582,759.205882,0.065726
P04,1,1,tsq03,6.883366,1074.940637,612.633478,0.969375,18.072867,0.016376
P04,1,1,tsq03,7.869117,1092.216000,607.324018,0.919950,89.095137,0.032938
P04,1,1,tsq03,8.822005,1017.760086,558.392838,0.607754,427.166803,0.065679
P04,1,1,tsq03,9.495438,957.316696,135.523976,1.511448,572.515830,0.065754
P04,1,1,tsq03,11.072640,1194.867009,656.431093,1.100795,666.839543,0.082008
P04,1,1,tsq03,12.255443,679.828800,1080.000000,0.230053,655.402016,0.082075
P04,1,1,tsq03,12.567571,1199.667733,680.851800,0.295773,553.604349,0.049200
P04,1,1,tsq03,12.912544,649.798080,616.655700,0.164329,0.000000,0.049200
P05,1,1,tsa01,0.049247,909.446400,689.585400,0.016446,99.900387,0.016429
P05,1,1,tsa01,0.082122,1009.185429,695.261089,1.150002,591.294857,0.065704
P05,1,1,tsa01,1.297828,560.180329,1080.000000,0.558495,716.685490,0.082073
P05,1,1,tsa01,1.938396,1052.193445,558.884671,0.509319,0.000000,0.082073
P05,1,1,tsa02,0.032832,597.661166,416.121840,0.574900,453.456099,0.049389
P05,1,1,tsa02,0.657121,811.784914,815.838557,0.229981,599.286950,0.082017
P05,1,1,tsa02,0.969119,1410.908160,801.831960,0.164335,485.291570,0.065800
P05,1,1,tsa02,1.199254,926.163600,778.796775,0.262720,380.781670,0.049347
P05,1,1,tsa02,1.511321,619.146960,1004.042115,0.657068,814.506499,0.098558
P05,1,1,tsa02,2.266947,1416.240505,836.522811,0.312125,10.144705,0.016501
P05,1,1,tsa02,2.595573,1425.878400,839.689200,0.016521,0.000000,0.016501
P05,1,1,tsa03,0.049306,1135.443692,547.895631,0.213471,598.748659,0.016480
P05,1,1,tsa03,0.279257,546.764488,657.242561,0.919966,523.279219,0.065643
P05,1,1,tsa03,1.264866,855.142971,1080.000000,0.459999,775.506633,0.082196
P05,1,1,tsa03,1.807061,319.182000,519.503456,0.525705,525.232478,0.049282
P05,1,1,tsa03,2.382048,658.710982,118.767600,0.180676,692.206011,0.065751
P05,1,1,tsa03,2.628475,1349.975200,82.671300,0.394290,500.462530,0.082113
P05,1,1,tsa03,3.104878,849.598629,91.946571,0.115164,387.505842,0.032800
P05,1,1,tsa03,3.252842,468.873290,164.119935,0.509317,954.061548,0.082050
P05,1,1,tsa03,3.844209,1333.426844,567.580700,0.887165,700.467102,0.065580
P05,1,1,tsa03,4.796954,633.342720,590.740560,0.377972,623.466096,0.065595
P05,1,1,tsa03,5.240521,1250.095360,499.492800,0.246466,0.000000,0.065595
P05,1,1,tsq01,0.032922,276.713600,362.977200,0.197054,399.318044,0.049274
P05,1,1,tsq01,0.279250,628.249886,173.564582,1.199354,712.771856,0.065594
P05,1,1,tsq01,1.544198,1338.894545,118.538345,0.180710,606.929038,0.082329
P05,1,1,tsq01,1.807237,859.651200,490.947627,0.361241,455.245737,0.065698
P05,1,1,tsq01,2.234176,1303.354852,389.086200,0.377960,476.202054,0.049166
P05,1,1,tsq01,2.661302,830.100000,336.187800,0.131403,506.113239,0.065758
P05,1,1,tsq01,2.858463,694.057477,823.674254,0.427134,244.669498,0.049235
P05,1,1,tsq01,3.334832,739.867692,583.331608,1.495034,555.898303,0.049260
P05,1,1,tsq01,4.879126,1244.692267,816.087000,0.148027,474.884043,0.049140
P05,1,1,tsq01,5.076293,770.224674,835.970589,0.312170,457.699234,0.049306
P05,1,1,tsq01,5.437769,1210.223700,709.917244,0.525709,628.838301,0.065652
P05,1,1,tsq01,6.029130,635.341714,964.766829,0.345240,228.026051,0.032688
P05,1,1,tsq01,6.407058,849.363097,886.085652,1.264978,522.645939,0.049286
P05,1,1,tsq01,7.721322,914.754171,367.546564,0.459983,364.952163,0.065650
P05,1,1,tsq01,8.246955,1274.860444,426.821800,0.887114,329.883806,0.246553
P05,1,1,tsq01,9.380622,1122.205714,134.384014,0.229936,426.405172,0.065641
P05,1,1,tsq01,9.676199,725.519754,290.786123,0.920021,744.139167,0.082152
P05,1,1,tsq01,10.678372,1432.663829,522.497918,1.905651,616.329597,0.032808
P05,1,1,tsq01,12.616831,965.117943,924.073586,0.690012,797.034008,0.065824
P05,1,1,tsq01,13.372667,1111.551127,140.606591,1.084227,237.607780,0.049481
P05,1,1,tsq01,14.506375,876.229200,107.727300,0.131316,291.585705,0.032730
P05,1,1,tsq01,14.670421,588.799318,156.781210,1.462116,279.755172,0.032965
P05,1,1,tsq01,16.165502,867.826258,136.608867,2.398388,571.953014,0.065748
P05,1,1,tsq01,18.629638,939.674119,704.031227,2.020706,379.049552,0.049255
P05,1,1,tsq01,20.699599,987.903200,1080.000000,0.197139,522.336048,0.049453
P05,1,1,tsq01,20.946191,1266.922358,638.430916,0.624012,0.000000,0.049453
P05,1,1,tsq02,0.049375,731.463217,199.696826,0.772138,92.794301,0.032801
P05,1,1,tsq02,0.854314,776.824436,118.745345,0.788563,601.404803,0.049427
P05,1,1,tsq02,1.692304,1378.142400,108.525600,0.492795,262.888334,0.065809
P05,1,1,tsq02,2.250908,1280.034880,352.421460,0.492734,265.484941,0.032957
P05,1,1,tsq02,2.776599,1145.028622,123.826700,0.887009,663.694013,0.082089
P05,1,1,tsq02,3.745697,532.002720,378.166995,0.870712,414.896230,0.049222
P05,1,1,tsq02,4.665631,946.492320,396.531450,0.328712,362.175467,0.049180
P05,1,1,tsq02,5.043523,1259.697513,214.670029,0.903644,583.022531,0.049238
P05,1,1,tsq02,5.996405,682.173382,134.787927,1.084261,386.263103,0.016444
P05,1,1,tsq02,7.097110,1067.574261,108.993600,0.377832,331.457685,0.032888
P05,1,1,tsq02,7.507830,1392.572000,174.114000,0.197075,784.072208,0.065758
P05,1,1,tsq02,7.770663,932.956800,809.348677,0.427076,527.079752,0.082139
P05,1,1,tsq02,8.279878,1258.906500,395.138756,0.525787,0.000000,0.082139
P05,1,1,tsq03,0.049258,984.806196,486.030677,0.772095,171.830435,0.049346
P05,1,1,tsq03,0.870699,829.933867,560.463600,0.147900,375.011866,0.016372
P05,1,1,tsq03,1.034971,1202.504000,517.738950,0.197126,426.524739,0.032816
P05,1,1,tsq03,1.264913,777.504000,553.771620,0.164314,410.440244,0.049435
P05,1,1,tsq03,1.478662,1187.944145,554.056200,0.180603,387.688338,0.016434
P05,1,1,tsq03,1.675699,800.620800,570.875040,0.410742,503.345727,0.065656
P05,1,1,tsq03,2.152097,1303.839086,582.201000,0.114951,975.402834,0.607950
P05,1,1,tsq03,2.874998,329.909959,528.603021,0.476399,370.863118,0.049230
P05,1,1,tsq03,3.400627,691.604000,610.559550,0.197184,578.019139,0.049228
P05,1,1,tsq03,3.647039,1268.790947,579.553863,1.248495,296.400029,0.033025
P05,1,1,tsq03,4.928559,1552.898259,664.028788,0.279145,740.676583,0.230044
P05,1,1,tsq03,5.437748,940.060800,1080.000000,0.016482,602.808955,0.065766
P05,1,1,tsq03,5.519996,1184.205120,528.844680,0.164170,0.000000,0.065766
P06,1,1,tsa01,0.032930,816.517029,434.902500,0.230014,443.295581,0.049257
P06,1,1,tsa01,0.312201,811.633792,878.171184,1.478622,242.732005,0.065578
P06,1,1,tsa01,1.856401,571.506271,913.633839,0.772108,547.066809,0.065784
P06,1,1,tsa01,2.694293,1089.090327,736.464886,1.445619,874.084701,0.312171
P06,1,1,tsa01,4.452083,285.344291,1080.000000,0.361486,436.684054,0.279295
P06,1,1,tsa01,5.092864,706.305600,963.877050,0.131418,0.000000,0.279295
P06,1,1,tsa02,0.049342,855.998400,440.632238,0.262778,360.543894,0.032944
P06,1,1,tsa02,0.345064,496.615096,411.726522,0.377866,470.611424,0.065659
P06,1,1,tsa02,0.788589,634.582400,861.660000,0.147756,602.768367,0.065969
P06,1,1,tsa02,1.002314,396.670578,307.830000,0.656975,717.440022,0.065811
P06,1,1,tsa02,1.725100,1098.461600,456.858675,0.394140,615.052352,0.049303
P06,1,1,tsa02,2.168543,660.400424,888.589843,1.363528,763.996498,0.082229
P06,1,1,tsa02,3.614300,1423.329969,848.227015,0.213499,847.981797,0.065744
P06,1,1,tsa02,3.893543,581.311015,948.612323,1.281484,110.194396,0.016326
P06,1,1,tsa02,5.191353,554.893935,841.631284,0.509403,628.994023,0.082057
P06,1,1,tsa02,5.782813,425.115548,226.171252,0.377777,882.624627,0.312190
P06,1,1,tsa02,6.472780,1303.464576,312.942312,0.410792,592.819280,0.065629
P06,1,1,tsa02,6.949201,1320.286484,905.522874,0.312069,1113.535997,0.082157
P06,1,1,tsa02,7.343427,450.996939,209.607574,0.952860,690.390102,0.065672
P06,1,1,tsa02,8.361959,1133.104332,102.986766,1.265030,809.923794,0.476511
P06,1,1,tsa02,10.103500,1514.133600,817.684779,0.459884,1189.557931,0.279352
P06,1,1,tsa02,10.842736,419.673600,351.631800,0.016340,1190.397689,0.065797
P06,1,1,tsa02,10.924873,1476.525511,899.455400,0.443531,1226.091904,0.098491
P06,1,1,tsa02,11.466895,415.431360,285.142320,0.492900,1235.862466,0.098649
P06,1,1,tsa02,12.058444,1496.718470,883.618904,0.377858,710.660626,0.049488
P06,1,1,tsa02,12.485790,813.730189,1080.000000,0.936204,0.000000,0.049488
P06,1,1,tsa03,0.049171,814.515840,417.906000,0.082099,545.663505,0.065854
P06,1,1,tsa03,0.197124,280.731657,531.145157,0.689858,579.573122,0.082109
P06,1,1,tsa03,0.969091,466.912659,1080.000000,0.558717,508.147544,0.065614
P06,1,1,tsa03,1.593422,286.030080,605.136420,0.328633,1096.838731,0.098545
P06,1,1,tsa03,2.020600,1373.094063,751.242884,0.312169,849.534132,0.082141
P06,1,1,tsa03,2.414910,589.750588,1080.000000,0.279238,430.998839,0.032895
P06,1,1,tsa03,2.727043,223.542400,852.730200,0.098467,0.000000,0.032895
P06,1,1,tsq01,0.049499,648.205200,340.662600,0.394144,762.452996,0.082043
P06,1,1,tsq01,0.525686,461.886171,1080.000000,0.115110,1058.968442,0.328593
P06,1,1,tsq01,0.969389,872.467292,103.866144,1.954923,316.408152,0.065701
P06,1,1,tsq01,2.990013,747.489969,394.546015,0.213519,360.184284,0.049384
P06,1,1,tsq01,3.252916,777.656084,753.464842,0.312104,292.996887,0.016340
P06,1,1,tsq01,3.581360,1042.082400,879.662700,0.279368,233.114905,0.016323
P06,1,1,tsq01,3.877051,888.838190,703.996052,1.248617,307.120707,0.049214
P06,1,1,tsq01,5.174882,1177.340509,598.689164,0.180860,462.003945,0.262742
P06,1,1,tsq01,5.618484,1237.929600,140.675400,0.032907,437.807553,0.032768
P06,1,1,tsq01,5.684159,1170.143127,573.203373,0.361620,303.698692,0.016251
P06,1,1,tsq01,6.062030,867.381333,549.366600,0.147879,592.412650,0.049236
P06,1,1,tsq01,6.259145,1320.531692,930.952108,0.213614,446.357857,0.049408
P06,1,1,tsq01,6.522167,874.251370,939.271404,1.034944,720.717758,0.065627
P06,1,1,tsq01,7.622738,618.114941,265.603670,0.607859,665.333447,0.065782
P06,1,1,tsq01,8.296379,1283.446400,267.229800,0.295751,208.030357,0.032735
P06,1,1,tsq01,8.624865,1491.306933,258.825750,0.591438,1175.366731,0.082342
P06,1,1,tsq01,9.298645,316.132800,280.102725,0.262794,594.479780,0.065541
P06,1,1,tsq01,9.626980,641.292248,777.774848,0.476546,503.318118,0.065658
P06,1,1,tsq01,10.169184,894.408000,342.732845,0.624339,384.035996,0.032696
P06,1,1,tsq01,10.826219,985.841143,715.725643,0.230091,243.684227,0.262864
P06,1,1,tsq01,11.319174,1164.220800,549.705462,0.213523,475.709338,0.328547
P06,1,1,tsq01,11.861244,774.886286,823.051414,1.166439,0.000000,0.328547
P06,1,1,tsq02,0.147870,622.289800,137.704387,0.788508,282.995499,0.032884
P06,1,1,tsq02,0.969262,676.974080,415.366200,0.246415,332.104610,0.016428
P06,1,1,tsq02,1.232105,983.953600,288.649800,0.295650,504.216722,0.065751
P06,1,1,tsq02,1.593506,509.503825,117.969066,1.199247,406.711419,0.443534
P06,1,1,tsq02,3.236287,568.486683,520.380796,1.856396,831.212764,0.082204
P06,1,1,tsq02,5.174887,1299.179828,916.615812,4.813491,595.792318,0.016344
P06,1,1,tsq02,10.004722,881.878400,491.377050,0.394300,586.921732,0.049372
P06,1,1,tsq02,10.448394,363.308883,216.490208,1.264960,486.487194,0.065761
P06,1,1,tsq02,11.779115,475.377600,689.893200,0.246330,435.876401,0.032909
P06,1,1,tsq02,12.058354,423.857629,257.072302,1.806999,769.779868,0.049347
P06,1,1,tsq02,13.914700,1190.373771,327.882246,2.842143,601.204123,0.032904
P06,1,1,tsq02,16.789747,608.191767,477.917280,0.903449,668.965122,0.082074
P06,1,1,tsq02,17.775270,1247.126214,676.101810,1.922224,918.567855,0.049288
P06,1,1,tsq02,19.746782,366.153600,936.205941,0.279233,1190.969482,0.098610
P06,1,1,tsq02,20.124625,1556.436923,895.784192,0.427182,564.844786,0.032775
P06,1,1,tsq02,20.584582,1567.344619,331.044735,0.509277,547.434412,0.049312
P06,1,1,tsq02,21.143171,1057.027200,132.901941,0.279402,855.395336,0.312001
P06,1,1,tsq02,21.734574,204.180185,198.880338,0.213462,660.637574,0.065752
P06,1,1,tsq02,22.013788,411.334010,826.199473,0.673612,705.000643,0.065680
P06,1,1,tsq02,22.753080,483.098880,124.860960,0.164368,712.425008,0.065649
P06,1,1,tsq02,22.983097,1181.167517,267.161943,0.870684,670.851817,0.016451
P06,1,1,tsq02,23.870232,1474.787896,870.344530,0.377876,127.591633,0.016472
P06,1,1,tsq02,24.264580,1589.587200,814.660200,0.016376,0.000000,0.016472
P06,1,1,tsq03,0.016407,193.713231,323.236108,0.213522,807.043474,0.065685
P06,1,1,tsq03,0.295614,962.514747,77.750066,2.119316,485.126954,0.065711
P06,1,1,tsq03,2.480641,986.664253,562.275568,0.312226,284.332733,0.016294
P06,1,1,tsq03,2.809161,705.438494,604.194247,0.509272,435.432818,0.049245
P06,1,1,tsq03,3.367678,271.029486,634.036371,0.345054,966.169706,0.295649
P06,1,1,tsq03,4.008381,1236.172629,589.509804,0.919973,506.459841,0.049273
P06,1,1,tsq03,4.977627,730.307294,614.042100,0.805027,524.316632,0.049355
P06,1,1,tsq03,5.832009,1249.151200,538.484625,0.394166,996.883827,0.082229
P06,1,1,tsq03,6.308404,255.440842,617.964745,1.790601,1249.760884,0.098595
P06,1,1,tsq03,8.197600,1502.809745,695.250491,0.361397,1253.338140,0.098825
P06,1,1,tsq03,8.657822,250.876328,635.927548,1.232030,1138.758455,0.098443
P06,1,1,tsq03,9.988295,1389.632640,638.136720,0.492880,658.600890,0.049254
P06,1,1,tsq03,10.530429,752.477538,471.437862,0.213569,522.642890,0.065843
P06,1,1,tsq03,10.809841,1269.842361,545.527210,1.445558,997.360502,0.082160
P06,1,1,tsq03,12.337559,272.605714,561.244757,0.689921,1142.006036,0.098646
P06,1,1,tsq03,13.126126,1404.774827,710.813760,0.952916,700.870030,0.065632
P06,1,1,tsq03,14.144674,1014.091200,128.933100,0.032880,0.000000,0.065632
P07,1,1,tsa01,0.049293,1164.351543,600.756429,0.690072,344.532285,0.049236
P07,1,1,tsa01,0.788601,922.335452,845.972063,2.398475,0.000000,0.049236
P07,1,1,tsa02,0.032870,506.841200,304.428825,0.394269,420.104129,0.049246
P07,1,1,tsa02,0.476385,725.587200,663.089760,0.344995,433.980811,0.049302
P07,1,1,tsa02,0.870682,602.362080,1079.208630,0.328555,818.787548,0.065752
P07,1,1,tsa02,1.264989,491.227800,267.998288,0.262786,0.000000,0.065752
P07,1,1,tsa03,0.049272,918.416400,507.821850,0.394309,418.506698,0.049270
P07,1,1,tsa03,0.492851,500.721600,533.877750,0.459964,493.770357,0.049277
P07,1,1,tsa03,1.002092,707.791200,85.624088,0.262854,417.995260,0.049273
P07,1,1,tsa03,1.314219,1118.940480,160.965360,0.427086,299.242890,0.016505
P07,1,1,tsa03,1.757810,1417.840000,175.296600,0.049298,989.227847,0.082014
P07,1,1,tsa03,1.889122,541.785600,634.753260,0.657130,287.893518,0.032848
P07,1,1,tsa03,2.579100,325.852800,825.162565,0.279346,694.722146,0.049329
P07,1,1,tsa03,2.907775,568.319007,174.125700,0.952740,759.463317,0.049414
P07,1,1,tsa03,3.909929,1198.800505,597.537568,0.312000,707.448538,0.065791
P07,1,1,tsa03,4.287720,491.635200,617.554200,1.035044,692.702031,0.065633
P07,1,1,tsa03,5.388397,1183.882667,642.645000,0.147802,70.235839,0.016468
P07,1,1,tsa03,5.552667,1228.483200,696.902400,0.016453,1412.389439,0.065751
P07,1,1,tsa03,5.634871,0.000000,0.000000,0.016427,1373.208403,0.049179
P07,1,1,tsa03,5.700477,848.116335,1080.000000,0.509291,12.268335,0.016422
P07,1,1,tsa03,6.226190,835.848000,1080.000000,0.032916,653.455416,0.082174
P07,1,1,tsa03,6.341280,920.640000,432.069218,0.180622,608.240127,0.065678
P07,1,1,tsa03,6.587580,351.375663,217.839979,0.312197,583.534645,0.065668
P07,1,1,tsa03,6.965445,930.795600,148.664700,0.131498,312.099459,0.032807
P07,1,1,tsa03,7.129750,1217.928000,270.980100,0.032936,901.830564,0.065713
P07,1,1,tsa03,7.228399,323.487663,155.763568,0.525595,797.044944,0.033019
P07,1,1,tsa03,7.787013,1120.528255,153.129334,1.445691,512.477024,0.049157
P07,1,1,tsa03,9.281861,1249.918400,649.003200,0.295740,256.032934,0.065645
P07,1,1,tsa03,9.643246,1073.743633,834.786177,1.002135,512.757119,0.065708
P07,1,1,tsa03,10.711089,651.008000,544.588920,0.246456,0.000000,0.065708
P07,1,1,tsq01,0.032968,815.586365,366.175174,0.377861,327.361751,0.032793
P07,1,1,tsq01,0.443622,652.796800,650.191500,0.197118,554.178736,0.065939
P07,1,1,tsq01,0.706679,847.893567,131.489926,1.445556,521.359854,0.082084
P07,1,1,tsq01,2.234319,766.325169,646.429431,0.213582,386.794421,0.016354
P07,1,1,tsq01,2.464255,1150.718118,603.394729,0.558581,447.202373,0.049272
P07,1,1,tsq01,3.072108,722.148431,731.136600,0.640721,365.337915,0.016443
P07,1,1,tsq01,3.729272,941.088711,438.669600,0.443579,260.394834,0.016463
P07,1,1,tsq01,4.189314,1151.211200,592.468200,0.098495,0.000000,0.016463
P07,1,1,tsq02,0.032878,829.314422,392.171789,0.607826,390.192539,0.032857
P07,1,1,tsq02,0.673561,460.051500,266.095969,0.525728,668.953758,0.032749
P07,1,1,tsq02,1.232038,1126.961561,318.346332,0.673599,441.010136,0.049212
P07,1,1,tsq02,1.954849,1335.174000,707.110425,0.394358,804.498416,0.082050
P07,1,1,tsq02,2.431257,538.692267,820.400100,0.295807,502.117852,0.049306
P07,1,1,tsq02,2.776370,404.370327,336.582000,0.180757,0.000000,0.049306
P07,1,1,tsq03,0.049404,550.012800,350.087400,0.016642,396.191066,0.032619
P07,1,1,tsq03,0.098665,235.404800,109.278000,0.558657,544.979227,0.049098
P07,1,1,tsq03,0.706420,591.039600,522.226238,0.262807,367.031331,0.032902
P07,1,1,tsq03,1.002129,578.033876,155.425407,0.476469,563.027380,0.032908
P07,1,1,tsq03,1.511506,1141.010833,162.960403,1.002170,724.693499,0.082049
P07,1,1,tsq03,2.595725,418.122041,111.848152,0.476419,592.001001,0.065649
P07,1,1,tsq03,3.137793,898.746906,457.485135,1.889249,150.042281,0.032912
P07,1,1,tsq03,5.059954,986.752800,579.007350,0.197118,406.301735,0.049303
P07,1,1,tsq03,5.306375,584.396921,635.494925,0.870639,391.437354,0.016465
P07,1,1,tsq03,6.193479,967.273788,554.079282,2.513538,669.442919,0.032909
P07,1,1,tsq03,8.739926,297.924852,565.296387,0.509233,471.613077,0.049239
P07,1,1,tsq03,9.298398,767.516359,521.676310,0.476435,343.842160,0.049245
P07,1,1,tsq03,9.824078,766.960000,177.834600,0.312198,397.621790,0.032858
P07,1,1,tsq03,10.169134,978.854400,514.292400,0.098549,170.233667,0.016522
P07,1,1,tsq03,10.284205,1129.870400,592.865100,0.887049,159.444491,0.032845
P07,1,1,tsq03,11.204099,996.447101,505.568083,1.462156,332.158000,0.032841
P07,1,1,tsq03,12.699096,1316.546743,594.253800,0.115167,347.955711,0.049085
P07,1,1,tsq03,12.863348,1010.618400,428.479779,0.919939,177.145444,0.016527
P07,1,1,tsq03,13.799814,1126.320505,562.619747,0.804972,0.000000,0.016527
p08,1,1,tsa01,0.032915,691.794462,420.846923,0.213622,324.143170,0.049253
p08,1,1,tsa01,0.295790,651.845053,99.174979,0.624222,759.209916,0.065778
p08,1,1,tsa01,0.985790,1134.958505,684.837927,2.743465,344.058368,0.065709
p08,1,1,tsa01,3.794964,836.315200,855.683871,0.788518,224.349214,0.032844
p08,1,1,tsa01,4.616326,832.462400,1080.000000,0.788624,1037.045561,0.098527
p08,1,1,tsa01,5.503477,950.134400,49.652100,0.098576,373.806332,0.032961
p08,1,1,tsa01,5.635014,1321.656000,8.386200,0.032786,0.000000,0.032961
p08,1,1,tsa02,0.032893,420.268383,281.383435,0.377865,813.887617,0.246406
p08,1,1,tsa02,0.657164,577.190769,1080.000000,0.854343,793.686515,0.082034
p08,1,1,tsa02,1.593541,508.780800,289.267200,0.016429,0.000000,0.082034
p08,1,1,tsa03,0.049195,1357.699200,604.173600,0.016560,143.079601,0.016415
p08,1,1,tsa03,0.082170,1215.865600,585.332100,0.295640,527.275511,0.049184
p08,1,1,tsa03,0.426994,1033.319351,1080.000000,0.607886,0.000000,0.049184
p08,1,1,tsq01,0.032820,806.755366,646.978003,0.952829,324.290484,0.016576
p08,1,1,tsq01,1.002225,934.041600,348.712128,0.410607,425.629460,0.049299
p08,1,1,tsq01,1.462131,1323.655200,177.359625,0.131357,577.056103,0.065853
p08,1,1,tsq01,1.659341,1198.381751,740.653784,0.607716,429.007786,0.049307
p08,1,1,tsq01,2.316364,769.422094,734.227807,1.462122,667.876844,0.065697
p08,1,1,tsq01,3.844183,524.709760,112.797720,0.246472,398.054821,0.049331
p08,1,1,tsq01,4.139986,914.086400,30.132900,0.098461,48.284458,0.065743
p08,1,1,tsq01,4.304190,885.499529,69.045362,1.199290,706.058282,0.082095
p08,1,1,tsq01,5.585575,782.851918,767.602279,1.757908,359.237731,0.032775
p08,1,1,tsq01,7.376258,960.219927,1080.000000,0.361533,344.834588,0.032780
p08,1,1,tsq01,7.770571,1001.068800,737.593425,0.131437,0.000000,0.032780
p08,1,1,tsq02,0.032742,588.243548,171.049696,0.755809,756.592442,0.065555
p08,1,1,tsq02,0.854106,1307.856549,404.693126,0.575093,355.317240,0.049326
p08,1,1,tsq02,1.478525,991.657670,242.617187,0.755619,524.223761,0.065810
p08,1,1,tsq02,2.299954,467.464533,248.283514,1.034898,439.023193,0.065750
p08,1,1,tsq02,3.400602,906.442560,254.580840,0.164213,825.419178,0.082243
p08,1,1,tsq02,3.647058,906.270000,1080.000000,0.394282,906.978602,0.082011
p08,1,1,tsq02,4.123351,547.340968,247.065347,0.312230,0.000000,0.082011
p08,1,1,tsq03,0.032967,757.209600,360.006660,0.164224,371.379387,0.049354
p08,1,1,tsq03,0.246545,540.521600,58.396050,0.197153,438.373289,0.032805
p08,1,1,tsq03,0.476503,978.823855,66.287455,0.180665,529.369232,0.016420
p08,1,1,tsq03,0.673588,1153.097600,566.147880,0.739334,475.213345,0.082118
p08,1,1,tsq03,1.495040,682.215600,630.162450,0.262902,310.070483,0.016432
p08,1,1,tsq03,1.774374,394.452431,745.644323,0.640745,417.467298,0.032796
p08,1,1,tsq03,2.447915,759.899294,543.833682,0.279257,640.354933,0.065731
p08,1,1,tsq03,2.792903,1400.158656,554.896656,0.821410,672.230882,0.065781
p08,1,1,tsq03,3.680094,728.694528,522.798624,0.410623,593.708274,0.065686
p08,1,1,tsq03,4.156403,1320.660480,568.249992,0.410683,629.052070,0.065931
p08,1,1,tsq03,4.633017,954.848457,1080.000000,0.344756,658.511351,0.082261
p08,1,1,tsq03,5.060034,1261.911429,497.462850,0.459926,60.663299,0.016401
p08,1,1,tsq03,5.536361,1320.134400,514.495800,0.016541,0.000000,0.016401
P09,1,1,tsa01,0.032883,791.268923,455.202554,0.213464,412.000919,0.016381
P09,1,1,tsa01,0.262728,1196.290036,530.718480,1.150124,331.125759,0.032752
P09,1,1,tsa01,1.445604,1006.575077,802.108426,2.447892,272.107561,0.032902
P09,1,1,tsa01,3.926398,764.804457,926.966314,1.379852,237.637611,0.065740
P09,1,1,tsa01,5.371990,583.001472,1080.000000,0.410678,0.000000,0.065740
P09,1,1,tsa02,0.049034,1209.811200,391.807800,0.016606,109.689209,0.016298
P09,1,1,tsa02,0.081938,1304.326841,447.472117,0.476464,497.841334,0.049288
P09,1,1,tsa02,0.607690,1404.704000,935.089200,0.295698,776.818113,0.065773
P09,1,1,tsa02,0.969161,992.880000,276.418286,0.114947,668.522093,0.065678
P09,1,1,tsa02,1.149786,349.401600,95.152355,0.509317,1227.407057,0.098447
P09,1,1,tsa02,1.757550,1572.350769,199.667492,0.213624,1198.047865,0.098643
P09,1,1,tsa02,2.069817,759.741785,1080.000000,0.427157,720.015982,0.065609
P09,1,1,tsa02,2.562583,1459.209600,909.214200,0.016461,49.169289,0.016464
P09,1,1,tsa02,2.595508,1504.915200,927.342000,0.016332,0.000000,0.016464
P09,1,1,tsa03,0.032876,762.781572,412.873386,0.476449,403.281320,0.082078
P09,1,1,tsa03,0.591403,468.884185,136.720985,1.922119,853.277181,0.065744
P09,1,1,tsa03,2.579266,1182.505371,604.510200,0.690009,844.237996,0.082152
P09,1,1,tsa03,3.351427,339.474440,649.639386,2.283498,432.480209,0.065690
P09,1,1,tsa03,5.700615,770.017143,608.747914,0.690005,459.889940,0.049273
P09,1,1,tsa03,6.439893,1222.110316,693.071811,0.312133,742.188831,0.575059
P09,1,1,tsa03,7.327085,498.985600,860.209200,0.049393,259.769726,0.049100
P09,1,1,tsa03,7.425578,637.449728,1080.000000,1.232223,624.242499,0.065650
P09,1,1,tsa03,8.723451,397.161600,503.857385,0.213612,0.000000,0.065650
P09,1,1,tsq01,0.049328,981.083400,448.889175,0.262853,401.033670,0.213462
P09,1,1,tsq01,0.525643,705.387927,740.127927,0.180647,593.512730,0.065827
P09,1,1,tsq01,0.772117,758.217324,148.971082,2.283531,637.976380,0.082175
P09,1,1,tsq01,3.137823,1064.707547,708.504463,1.363419,306.064167,0.032904
P09,1,1,tsq01,4.534146,772.759233,800.381860,1.199198,824.079043,0.082239
P09,1,1,tsq01,5.815583,1595.811429,759.255814,0.229943,423.147617,0.032988
P09,1,1,tsq01,6.078514,1574.575543,336.641400,0.229830,746.843481,0.065785
P09,1,1,tsq01,6.374129,827.739106,333.397694,0.837873,573.572380,0.065571
P09,1,1,tsq01,7.277573,1400.225400,368.678250,0.262945,907.195566,0.082133
P09,1,1,tsq01,7.622651,837.175524,1080.000000,0.607806,600.311259,0.065796
P09,1,1,tsq01,8.296253,946.616400,489.748950,0.131342,0.000000,0.065796
P09,1,1,tsq02,0.049175,597.048671,368.493271,1.724910,472.840161,0.016464
P09,1,1,tsq02,1.790549,1014.606171,146.629457,1.034853,473.201359,0.098647
P09,1,1,tsq02,2.924049,849.944640,590.257800,0.164272,591.420346,0.065757
P09,1,1,tsq02,3.154078,1374.930624,862.595352,0.821395,732.024601,0.082152
P09,1,1,tsq02,4.057625,675.934748,1080.000000,0.377783,578.334659,0.065747
P09,1,1,tsq02,4.501155,740.450560,505.275120,0.246408,325.533971,0.016386
P09,1,1,tsq02,4.763949,478.517290,311.979159,0.805100,691.257189,0.082079
P09,1,1,tsq02,5.651128,1155.676800,450.873000,0.016397,0.000000,0.082079
P09,1,1,tsq03,0.048676,758.957333,481.204300,0.887234,549.213206,0.065676
P09,1,1,tsq03,1.001586,1290.808320,618.206760,0.246362,612.541799,0.065919
P09,1,1,tsq03,1.313867,1064.083200,49.169700,0.131222,495.947596,0.065691
P09,1,1,tsq03,1.510780,570.862776,101.108435,1.675710,818.463201,0.016513
P09,1,1,tsq03,3.203003,1388.208000,143.872863,0.936324,671.961671,0.082139
P09,1,1,tsq03,4.221466,1008.406800,698.204475,0.131567,454.839684,0.049206
P09,1,1,tsq03,4.402239,761.199771,1080.000000,0.229956,741.481133,0.049264
P09,1,1,tsq03,4.681459,1014.667758,383.187077,1.675731,295.283180,0.049246
P09,1,1,tsq03,6.406436,892.708800,114.266700,0.065789,333.853378,0.032824
P09,1,1,tsq03,6.505049,558.871360,117.528840,0.492864,622.335955,0.065646
P09,1,1,tsq03,7.063559,1180.313600,150.869250,0.394272,332.252004,0.032868
P09,1,1,tsq03,7.490699,1512.533333,146.238600,0.147891,1285.242718,0.082100
P09,1,1,tsq03,7.720690,342.320291,677.699116,0.903567,1165.603033,0.098625
P09,1,1,tsq03,8.722882,1507.873152,688.513824,0.410656,415.404404,0.032871
P09,1,1,tsq03,9.166409,1108.777600,573.259500,0.098529,749.626882,0.065794
P09,1,1,tsq03,9.330732,1828.368000,363.187800,0.032974,90.895978,0.016258
P09,1,1,tsq03,9.379964,1748.112000,405.861600,0.147909,521.653855,0.065682
P09,1,1,tsq03,9.593555,1545.220800,886.442400,0.032908,48.587202,0.016388
P09,1,1,tsq03,9.642851,1565.328000,842.211000,0.016453,0.000000,0.016388
P10,1,1,tsa01,0.049300,849.322667,771.973500,0.887012,446.689630,0.032898
P10,1,1,tsa01,0.969210,1229.452800,537.382989,0.312172,329.926956,0.032846
P10,1,1,tsa01,1.314228,1043.186954,809.700508,0.213600,358.269394,0.032953
P10,1,1,tsa01,1.560781,808.037760,1080.000000,0.246388,296.977623,0.049230
P10,1,1,tsa01,1.856399,870.229120,789.607260,0.492825,459.825009,0.065717
P10,1,1,tsa01,2.414941,1262.931840,550.392686,0.574934,639.754531,0.065678
P10,1,1,tsa01,3.055553,759.301745,944.908323,0.722993,308.417866,0.049161
P10,1,1,tsa01,3.827707,1064.501462,900.470576,0.952863,419.700403,0.032854
P10,1,1,tsa01,4.813424,655.960615,996.610085,0.427164,738.699918,0.065671
P10,1,1,tsa01,5.306259,1259.594182,570.811909,1.084421,730.781205,0.082049
P10,1,1,tsa01,6.472729,664.763958,995.333021,0.936405,757.068373,0.082083
P10,1,1,tsa01,7.491217,1254.320607,520.385152,0.952888,1068.529757,0.082086
P10,1,1,tsa01,8.526191,344.053029,1080.000000,0.344997,500.587410,0.082125
P10,1,1,tsa01,8.953313,832.440491,970.157197,2.086491,0.000000,0.082125
P10,1,1,tsa02,0.049318,972.838691,559.040400,0.180664,511.277053,0.049341
P10,1,1,tsa02,0.279323,481.255200,418.506075,0.525664,486.124722,0.065758
P10,1,1,tsa02,0.870745,675.473113,864.147913,0.377812,801.068899,0.082131
P10,1,1,tsa02,1.330688,1472.530596,944.215064,0.870795,823.400217,0.082125
P10,1,1,tsa02,2.283608,654.794984,1040.632832,0.607815,653.665289,0.049188
P10,1,1,tsa02,2.940611,529.968800,398.996850,0.591455,1078.084343,0.098602
P10,1,1,tsa02,3.630668,1481.156023,906.450017,0.574980,0.000000,0.098602
P10,1,1,tsa03,0.049332,1195.530735,558.873697,0.509221,801.438196,0.082213
P10,1,1,tsa03,0.640766,402.146160,672.205500,0.657065,491.415770,0.016574
P10,1,1,tsa03,1.314405,676.359771,1080.000000,0.229846,839.904172,0.082253
P10,1,1,tsa03,1.626504,1399.864000,653.408100,0.295617,982.076118,0.082195
P10,1,1,tsa03,2.004316,417.888000,639.385400,0.443531,0.000000,0.082195
P10,1,1,tsq01,0.049279,867.573186,691.996966,0.952799,258.505882,0.032919
P10,1,1,tsq01,1.034997,957.009000,449.455162,0.262779,691.544836,0.065761
P10,1,1,tsq01,1.363537,1424.128000,959.390550,0.197120,428.676667,0.049321
P10,1,1,tsq01,1.609978,1005.428800,867.441300,0.295704,504.668389,0.049343
P10,1,1,tsq01,1.955025,501.391200,892.665900,0.197042,730.025605,0.082101
P10,1,1,tsq01,2.234168,614.952320,171.527040,0.246426,497.487626,0.065660
P10,1,1,tsq01,2.546254,1105.364160,87.919830,0.328693,556.204695,0.065655
P10,1,1,tsq01,2.940602,554.086857,161.791329,0.690080,546.450083,0.049187
P10,1,1,tsq01,3.679869,1093.510629,74.443243,0.230081,443.864318,0.049341
P10,1,1,tsq01,3.959291,1537.198255,61.920327,0.180528,1023.924022,0.098705
P10,1,1,tsq01,4.238524,742.467200,707.538600,0.197108,446.141688,0.016350
P10,1,1,tsq01,4.451982,678.842597,265.956993,1.002290,542.981856,0.065545
P10,1,1,tsq01,5.519817,1204.747569,130.852385,0.427260,457.984012,0.082121
P10,1,1,tsq01,6.029198,754.147600,212.761013,0.788606,448.029548,0.049114
P10,1,1,tsq01,6.866918,790.672582,659.299255,0.180809,523.817938,0.049357
P10,1,1,tsq01,7.097084,586.515291,176.904154,0.854168,516.781249,0.065760
P10,1,1,tsq01,8.017012,1097.998080,103.092120,0.246340,361.282650,0.032923
P10,1,1,tsq01,8.296275,1457.371800,140.182312,0.262943,372.987332,0.032716
P10,1,1,tsq01,8.591934,1095.397714,230.150700,0.230045,427.699159,0.032805
P10,1,1,tsq01,8.854784,668.660114,201.487286,1.034946,968.811340,0.065843
P10,1,1,tsq01,9.955573,1635.179520,134.886600,0.164174,1090.452757,0.082232
P10,1,1,tsq01,10.201979,837.221854,878.089654,0.673502,502.913517,0.049324
P10,1,1,tsq01,10.924805,862.460800,375.809850,0.197134,411.478777,0.032880
P10,1,1,tsq01,11.154819,1239.840000,539.821200,0.147834,420.080138,0.082157
P10,1,1,tsq01,11.384810,1030.683820,904.130155,0.804868,250.878350,0.279345
P10,1,1,tsq01,12.469023,779.894682,910.820065,0.558505,393.782431,0.065784
P10,1,1,tsq01,13.093312,907.350982,538.235182,0.180686,0.000000,0.065784
P10,1,1,tsq02,0.049394,987.908894,431.698553,0.492844,355.966897,0.032846
P10,1,1,tsq02,0.575084,1082.992457,88.665686,0.114976,556.062026,0.049350
P10,1,1,tsq02,0.739410,586.968758,339.993095,0.312109,815.000058,0.082126
P10,1,1,tsq02,1.133645,1401.160457,376.283186,0.229967,432.767408,0.032855
P10,1,1,tsq02,1.396467,1078.948800,665.190225,0.131651,665.534889,0.065506
P10,1,1,tsq02,1.593624,618.316343,184.821171,0.345086,523.250958,0.049301
P10,1,1,tsq02,1.988011,1137.288000,118.038060,0.164169,466.179076,0.049247
P10,1,1,tsq02,2.201427,1603.084800,99.162900,0.032969,945.075325,0.098550
P10,1,1,tsq02,2.332946,805.734400,606.508650,0.197224,272.382547,0.016304
P10,1,1,tsq02,2.546474,1075.440000,568.414800,0.016494,0.000000,0.016304
P10,1,1,tsq03,0.049276,994.192985,497.951031,0.427060,389.432781,0.032821
P10,1,1,tsq03,0.509157,1057.287138,113.663354,0.213606,414.681389,0.049318
P10,1,1,tsq03,0.772081,745.608320,387.190260,0.492812,525.633308,0.049263
P10,1,1,tsq03,1.314156,1234.608993,579.982159,0.476479,0.000000,0.049263
P11,1,1,tsa01,0.049213,1073.111870,544.738281,0.607914,439.422255,0.032838
P11,1,1,tsa01,0.689965,692.992457,765.194966,0.575037,546.852845,0.016409
P11,1,1,tsa01,1.281411,1176.623570,509.951982,1.100649,488.113694,0.032864
P11,1,1,tsa01,2.414924,1440.598491,99.376509,0.574993,1021.748162,0.279329
P11,1,1,tsa01,3.269246,682.673280,784.590840,0.246393,364.788236,0.016410
P11,1,1,tsa01,3.532049,1045.966255,751.595809,0.722859,372.732696,0.032863
P11,1,1,tsa01,4.287771,677.021236,698.593582,0.361393,526.978629,0.049295
P11,1,1,tsa01,4.698459,1165.299284,500.373947,0.624323,659.973501,0.065702
P11,1,1,tsa01,5.388484,849.706729,1080.000000,0.279146,0.000000,0.065702
P11,1,1,tsa02,0.049256,933.792000,525.518550,0.344955,521.538831,0.049304
P11,1,1,tsa02,0.443515,495.840778,242.319892,0.772216,560.267775,0.065685
P11,1,1,tsa02,1.281416,688.712800,768.343050,0.394272,682.545268,0.065687
P11,1,1,tsa02,1.741375,1342.268434,571.535846,0.574975,895.987322,0.065810
P11,1,1,tsa02,2.382160,495.978000,277.281225,0.262846,812.867251,0.082089
P11,1,1,tsa02,2.727095,624.023834,1080.000000,0.476552,783.131474,0.065579
P11,1,1,tsa02,3.269226,355.436800,344.367000,0.049299,0.000000,0.065579
P11,1,1,tsa03,0.049183,914.854800,399.454875,0.131447,413.050782,0.213577
P11,1,1,tsa03,0.394207,1255.889280,632.492280,0.164288,908.228775,0.098550
P11,1,1,tsa03,0.657045,350.337600,562.809700,0.887122,930.523326,0.082147
P11,1,1,tsa03,1.626314,1280.854841,566.174731,0.476459,619.584985,0.049175
P11,1,1,tsa03,2.151948,661.329600,557.570700,0.197193,573.408153,0.065763
P11,1,1,tsa03,2.414904,897.686400,1080.000000,0.377715,27.580800,0.016513
P11,1,1,tsa03,2.809132,870.105600,1080.000000,0.016325,0.000000,0.016513
P11,1,1,tsq01,0.049482,829.424528,110.969004,1.691899,125.994964,0.065698
P11,1,1,tsq01,1.807079,740.161200,22.048875,0.131494,184.435303,0.016353
P11,1,1,tsq01,1.954926,809.582400,192.920400,0.032944,0.000000,0.016353
P11,1,1,tsq02,0.032873,272.626133,364.985400,0.312020,288.571239,0.016471
P11,1,1,tsq02,0.361364,342.326400,84.958200,0.016408,1141.566467,0.098485
P11,1,1,tsq02,0.476257,961.478044,1044.033400,0.443753,1025.026660,0.082144
P11,1,1,tsq02,1.002154,503.746226,126.884974,0.377756,461.749950,0.016441
P11,1,1,tsq02,1.396351,964.693611,99.672386,1.199302,187.007575,0.016390
P11,1,1,tsq02,2.612043,779.358000,124.623225,0.131435,229.130363,0.032837
P11,1,1,tsq02,2.776315,847.299840,343.448794,0.575081,338.564155,0.049225
P11,1,1,tsq02,3.400621,621.926604,90.797668,0.772073,519.338673,0.049319
P11,1,1,tsq02,4.222013,1111.534044,263.994700,0.887135,241.633731,0.065751
P11,1,1,tsq02,5.174899,892.745891,366.554945,0.361345,408.839225,0.016524
P11,1,1,tsq02,5.552768,490.126400,295.512300,0.689955,822.793204,0.065712
P11,1,1,tsq02,6.308435,1287.549893,92.770024,0.903569,315.571382,0.049260
P11,1,1,tsq02,7.261264,976.547421,39.265262,0.476544,517.001862,0.032771
P11,1,1,tsq02,7.770579,906.207827,551.459822,0.607759,317.363445,0.032903
P11,1,1,tsq02,8.411241,604.824282,452.023835,0.558553,0.000000,0.032903
P11,1,1,tsq03,0.049308,931.620480,393.064380,0.164313,252.465047,0.032866
P11,1,1,tsq03,0.246487,791.181059,183.265978,1.823539,331.166099,0.049289
P11,1,1,tsq03,2.119315,744.503040,511.125930,0.328525,592.318342,0.065742
P11,1,1,tsq03,2.513582,1164.476983,93.438360,0.575025,0.000000,0.065742
P12,1,1,tsa01,0.049450,897.072000,780.473419,1.577075,421.157821,0.065778
P12,1,1,tsa01,1.692303,601.001506,1080.000000,1.675474,788.850875,0.345230
P12,1,1,tsa01,3.713007,1179.920000,544.146400,0.443339,48.233014,0.016439
P12,1,1,tsa01,4.172785,1225.891200,558.743400,0.016789,0.000000,0.016439
P12,1,1,tsa02,0.049194,1360.131692,876.642023,0.427045,697.055091,0.082216
P12,1,1,tsa02,0.558455,665.767771,937.834714,0.345011,568.123276,0.065684
P12,1,1,tsa02,0.969150,501.571765,393.956301,1.396322,1050.691661,0.361535
P12,1,1,tsa02,2.727007,1425.178311,894.859400,0.443520,546.156144,0.065796
P12,1,1,tsa02,3.236323,911.359771,1080.000000,0.689906,557.482589,0.065750
P12,1,1,tsa02,3.991979,1432.517843,882.057835,0.378137,755.433889,0.065411
P12,1,1,tsa02,4.435527,680.356174,952.294461,0.377767,584.928930,0.065697
P12,1,1,tsa02,4.878991,489.252571,399.464229,0.345090,1111.489655,0.082149
P12,1,1,tsa02,5.306230,1491.926756,879.103400,0.443492,1202.666195,0.098538
P12,1,1,tsa02,5.848260,413.986800,345.763519,0.525762,0.000000,0.098538
P12,1,1,tsa03,0.049239,796.824686,648.569700,0.230165,435.383917,0.032672
P12,1,1,tsa03,0.312076,1231.224960,677.819610,0.328737,828.713545,0.065604
P12,1,1,tsa03,0.706417,402.562255,686.998923,0.722788,891.389532,0.082132
P12,1,1,tsa03,1.511337,1293.378783,655.042539,0.378010,1010.907740,0.082162
P12,1,1,tsa03,1.971509,305.220185,868.296012,0.854157,986.089022,0.082213
P12,1,1,tsa03,2.907879,1266.070060,646.622655,0.772061,879.797092,0.082112
P12,1,1,tsa03,3.762052,389.094400,576.219420,0.985975,320.009738,0.016326
P12,1,1,tsa03,4.764353,381.009067,896.127000,0.147961,839.598314,0.081960
P12,1,1,tsa03,4.994274,1180.079040,638.420760,0.492737,604.621361,0.394280
P12,1,1,tsa03,5.881291,767.072060,1080.000000,0.870760,440.687894,0.344970
P12,1,1,tsa03,7.097021,383.454968,863.104297,0.509361,117.428285,0.016443
P12,1,1,tsa03,7.622825,486.921600,807.570000,0.016377,0.000000,0.016443
P12,1,1,tsq01,0.032871,683.591564,457.729429,0.903622,513.476652,0.016314
P12,1,1,tsq01,0.952807,1186.378880,561.956040,0.492890,511.745814,0.082307
P12,1,1,tsq01,1.528004,725.762688,784.928016,0.410528,478.652731,0.065872
P12,1,1,tsq01,2.004404,252.402514,855.910993,0.459982,869.161670,0.081939
P12,1,1,tsq01,2.546325,785.962929,169.794900,2.135858,547.006823,0.032746
P12,1,1,tsq01,4.714929,1257.778503,446.573745,1.659360,772.055386,0.049113
P12,1,1,tsq01,6.423402,625.984413,890.314374,1.018664,397.839270,0.065703
P12,1,1,tsq01,7.507769,983.035964,714.842795,1.445697,275.532984,0.032849
P12,1,1,tsq01,8.986315,727.549600,818.018100,0.197206,589.543066,0.065654
P12,1,1,tsq01,9.249175,925.427782,262.675636,0.180631,535.043993,0.016614
P12,1,1,tsq01,9.446420,1457.825600,315.822960,0.492603,547.237353,0.049483
P12,1,1,tsq01,9.988506,1060.866383,692.508638,0.772145,471.015339,0.065956
P12,1,1,tsq01,10.826607,793.086821,1080.000000,0.311649,576.897127,0.049447
P12,1,1,tsq01,11.187703,1105.213619,594.832856,0.706307,0.000000,0.049447
P12,1,1,tsq02,0.049140,862.788419,254.166286,3.105090,585.618736,0.032947
P12,1,1,tsq02,3.187177,1363.929600,557.162690,0.476168,355.563253,0.016630
P12,1,1,tsq02,3.679975,1472.882244,895.621769,1.265003,845.135839,0.082006
P12,1,1,tsq02,5.026984,627.748114,893.921979,0.460060,876.122782,0.065858
P12,1,1,tsq02,5.552902,1433.431200,549.733230,0.328333,341.455332,0.032810
P12,1,1,tsq02,5.914045,1514.219200,881.493750,0.197161,756.753478,0.065819
P12,1,1,tsq02,6.177025,763.839400,979.503862,0.788483,0.000000,0.065819
P12,1,1,tsq03,0.049154,804.032853,614.123640,0.739406,389.114861,0.049368
P12,1,1,tsq03,0.837928,1182.097634,522.050860,0.772109,811.322244,0.065529
P12,1,1,tsq03,1.675566,408.735360,767.315160,0.492970,479.139967,0.049224
P12,1,1,tsq03,2.217760,877.120582,666.367691,0.542071,416.199965,0.049272
P12,1,1,tsq03,2.809103,824.190080,1079.188200,0.246504,460.546199,0.049369
P12,1,1,tsq03,3.104976,944.171520,634.545360,0.082053,0.000000,0.049369
P13,1,1,tsa01,0.049299,749.998660,959.069847,2.119176,0.000000,0.000000
P13,1,1,tsa02,0.049329,1490.877785,860.881708,0.213566,491.326380,0.065610
P13,1,1,tsa02,0.328505,1051.117867,1080.000000,0.147832,205.836944,0.032936
P13,1,1,tsa02,0.509273,845.280923,1080.000000,0.854257,0.000000,0.032936
P13,1,1,tsa03,0.049299,1053.993600,341.922600,0.016418,207.745110,0.016437
P13,1,1,tsa03,0.082154,892.931200,473.135914,0.344987,421.822671,0.082114
P13,1,1,tsa03,0.509255,766.569284,70.684635,1.495001,636.485521,0.049248
P13,1,1,tsa03,2.053504,1094.684872,616.078052,1.757832,574.522640,0.082112
P13,1,1,tsa03,3.893448,526.233796,699.382543,1.100653,421.677427,0.016468
P13,1,1,tsa03,5.010569,344.733924,1080.000000,0.607775,624.681600,0.082328
P13,1,1,tsa03,5.700672,797.913600,650.052000,0.032689,0.000000,0.082328
P13,1,1,tsq01,0.049270,962.520000,341.482500,0.262845,277.755161,0.049225
P13,1,1,tsq01,0.361340,840.672269,91.880697,2.037212,290.544370,0.065672
P13,1,1,tsq01,2.464224,815.940000,381.370500,0.197170,367.065965,0.032794
P13,1,1,tsq01,2.694188,670.512600,718.399125,0.262828,406.009200,0.065757
P13,1,1,tsq01,3.022773,1075.443050,747.976155,1.757816,421.653148,0.016351
P13,1,1,tsq01,4.796940,1289.274057,384.564986,0.689981,469.519722,0.049324
P13,1,1,tsq01,5.536245,1593.637333,742.072700,0.887115,532.502137,0.032795
P13,1,1,tsq01,6.456155,1098.689561,938.503932,0.952909,716.431186,0.065702
P13,1,1,tsq01,7.474766,523.840800,510.926400,0.197084,286.410475,0.016447
P13,1,1,tsq01,7.688297,410.281846,247.990431,0.213654,336.953669,0.049192
P13,1,1,tsq01,7.951143,735.041179,337.818884,0.312201,268.926399,0.049249
P13,1,1,tsq01,8.312593,889.130764,117.415145,1.084306,192.366087,0.049290
P13,1,1,tsq01,9.446189,929.251200,305.550900,0.032947,441.764744,0.328428
P13,1,1,tsq01,9.807564,930.014798,747.314984,3.762053,681.785951,0.328617
P13,1,1,tsq01,13.898234,1610.534400,705.780000,0.032884,342.415098,0.032936
P13,1,1,tsq01,13.964054,1608.986667,363.368400,0.147710,911.133109,0.082215
P13,1,1,tsq01,14.193979,945.927385,988.281138,0.903542,0.000000,0.082215
P13,1,1,tsq02,0.049201,1016.502000,364.652550,0.131466,460.002746,0.065698
P13,1,1,tsq02,0.246365,624.798494,123.466129,0.837783,271.969383,0.032932
P13,1,1,tsq02,1.117080,354.210880,150.846570,0.985673,400.059339,0.032787
P13,1,1,tsq02,2.135540,594.442560,470.746890,0.328608,251.367753,0.016504
P13,1,1,tsq02,2.480652,840.353006,522.841037,1.149950,547.970726,0.032830
P13,1,1,tsq02,3.663432,1378.338432,418.708440,0.821419,494.738098,0.344920
P13,1,1,tsq02,4.829771,1599.311213,861.355948,1.002178,663.415508,0.049295
P13,1,1,tsq02,5.881244,943.383600,761.962275,0.131373,360.899156,0.032897
P13,1,1,tsq02,6.045514,600.418708,874.315662,0.213555,943.986582,0.082152
P13,1,1,tsq02,6.341221,1544.404800,873.354150,0.197115,678.724474,0.065689
P13,1,1,tsq02,6.604025,1359.440727,220.318773,0.361415,630.405185,0.065816
P13,1,1,tsq02,7.031256,1477.180800,839.631273,0.361445,395.966292,0.049215
P13,1,1,tsq02,7.441916,1160.981486,601.288457,0.114982,0.000000,0.049215
P13,1,1,tsq03,0.032822,712.775374,444.073578,0.755703,524.724339,0.032792
P13,1,1,tsq03,0.821317,216.669137,614.995295,0.936482,435.986539,0.049246
P13,1,1,tsq03,1.807045,652.551000,605.442094,0.525722,588.122523,0.049257
P13,1,1,tsq03,2.382024,1240.168269,581.069018,3.417164,480.540107,0.049228
P13,1,1,tsq03,5.848416,966.619146,185.987164,1.462139,431.851700,0.032958
P13,1,1,tsq03,7.343513,1392.841371,116.485329,0.229853,790.009948,0.082105
P13,1,1,tsq03,7.655471,603.945600,74.542757,0.230073,448.305295,0.049189
P13,1,1,tsq03,7.934733,962.393520,343.787490,0.952928,240.590650,0.032822
P13,1,1,tsq03,8.920483,793.190976,514.826550,1.642838,0.000000,0.032822
P14,1,1,tsa01,0.049239,781.223351,369.038919,0.607917,385.607972,0.032875
P14,1,1,tsa01,0.690031,1164.150982,414.425455,0.180597,568.659750,0.049445
P14,1,1,tsa01,0.920073,700.868677,744.188123,0.427005,355.426652,0.032794
P14,1,1,tsa01,1.379872,1047.273046,823.762731,0.854310,388.963481,0.032866
P14,1,1,tsa01,2.267048,1181.667200,458.754785,0.640821,631.994181,0.049114
P14,1,1,tsa01,2.956983,660.882316,816.804711,1.248583,503.555400,0.016517
P14,1,1,tsa01,4.222083,1127.651171,627.873832,3.614221,296.332622,0.081986
P14,1,1,tsa01,7.918290,919.651381,838.940434,0.870842,407.573938,0.065591
P14,1,1,tsa01,8.854723,591.007500,1080.000000,0.525696,562.135733,0.065790
P14,1,1,tsa01,9.446209,986.775600,680.795550,0.131486,0.000000,0.065790
P14,1,1,tsa02,0.049067,843.552000,451.398981,1.527956,709.689023,0.065705
P14,1,1,tsa02,1.642728,1406.953371,882.951300,0.459913,771.815279,0.065664
P14,1,1,tsa02,2.168305,635.168711,876.076500,0.887184,790.203277,0.065660
P14,1,1,tsa02,3.121149,1425.366613,873.162120,0.739375,787.897997,0.920032
P14,1,1,tsa02,4.780556,637.480717,877.528862,0.476312,805.488039,0.065739
P14,1,1,tsa02,5.322607,1442.938971,870.601982,0.919952,1083.707510,0.574943
P14,1,1,tsa02,6.817502,379.654232,1080.000000,0.624415,0.000000,0.574943
P14,1,1,tsa03,0.049242,1110.871360,567.237240,1.478493,614.912900,0.049230
P14,1,1,tsa03,1.576965,506.510255,453.810927,0.542100,445.275301,0.049313
P14,1,1,tsa03,2.168378,281.711020,838.174555,0.805148,400.238490,0.049187
P14,1,1,tsa03,3.022713,297.359451,438.242091,0.574909,1011.899243,0.098565
P14,1,1,tsa03,3.696187,1282.792094,668.160741,0.279303,593.892256,0.049392
P14,1,1,tsa03,4.024882,854.894400,1080.000000,0.459904,0.000000,0.049392
P14,1,1,tsq01,0.049166,735.945422,528.261200,0.887156,582.379292,0.065745
P14,1,1,tsq01,1.002067,1255.039200,264.239820,0.328465,512.947112,0.049307
P14,1,1,tsq01,1.379839,749.067332,348.544080,1.396480,549.880413,0.065601
P14,1,1,tsq01,2.841920,1288.882618,243.816218,0.542150,782.107576,0.065748
P14,1,1,tsq01,3.449818,696.206629,754.137129,0.690157,561.187520,0.065585
P14,1,1,tsq01,4.205560,1244.098560,875.569680,0.246530,545.885777,0.049103
P14,1,1,tsq01,4.501193,698.314368,886.100472,0.821507,581.381320,0.065787
P14,1,1,tsq01,5.388487,877.085908,332.887154,0.427037,0.000000,0.065787
P14,1,1,tsq02,0.049326,618.325263,375.055295,1.248503,599.547369,0.049354
P14,1,1,tsq02,1.347183,1216.998613,342.693780,1.478492,405.267616,0.032984
P14,1,1,tsq02,2.858659,1353.438609,724.303487,1.133562,716.721500,0.065572
P14,1,1,tsq02,4.057793,637.870080,764.940780,0.328543,723.344028,0.377844
P14,1,1,tsq02,4.764180,1360.363237,800.015274,2.119249,661.283156,0.065733
P14,1,1,tsq02,6.949162,1012.092369,237.873998,2.184999,287.593453,0.065716
P14,1,1,tsq02,9.199877,748.481432,352.849074,1.248546,139.679429,0.016363
P14,1,1,tsq02,10.464786,862.862400,272.678400,0.575018,436.273715,0.032853
P14,1,1,tsq02,11.072657,468.806400,459.907200,0.016448,1128.761146,0.443596
P14,1,1,tsq02,11.532701,1579.247040,662.449320,0.164253,190.715556,0.016379
P14,1,1,tsq02,11.713333,1611.868800,850.354200,0.016471,0.000000,0.016379
P14,1,1,tsq03,0.049370,1104.594514,482.351271,0.689870,103.653640,0.016409
P14,1,1,tsq03,0.755649,1001.018929,478.329419,4.468670,625.080795,0.065643
P14,1,1,tsq03,5.289962,417.217067,701.715600,0.147773,404.966825,0.016570
P14,1,1,tsq03,5.454305,791.348945,546.720545,0.180525,179.117127,0.016510
P14,1,1,tsq03,5.651340,962.294400,493.236000,0.016415,0.000000,0.016510
P15,1,1,tsa01,0.049398,928.207484,771.194551,3.696198,0.000000,0.000000
P15,1,1,tsa02,0.049237,1524.748800,832.210200,0.016525,436.648127,0.049327
P15,1,1,tsa02,0.115089,1090.859200,783.206100,0.098471,436.605151,0.049300
P15,1,1,tsa02,0.262860,1506.661440,916.369740,0.328549,745.778848,0.065694
P15,1,1,tsa02,0.657103,779.054933,1080.000000,0.295713,509.461147,0.049290
P15,1,1,tsa02,1.002106,859.546560,576.937620,0.164282,0.000000,0.049290
P15,1,1,tsa03,0.049226,1272.019200,667.353600,0.016642,466.870850,0.016260
P15,1,1,tsa03,0.082128,826.868839,526.607210,0.673528,412.319705,0.049365
P15,1,1,tsa03,0.805021,1227.122133,625.626600,0.147856,697.150975,0.361582
P15,1,1,tsa03,1.314459,604.307847,312.382532,1.544046,697.341103,0.049211
P15,1,1,tsa03,2.907716,1288.335709,176.770964,0.180740,1049.824414,0.082224
P15,1,1,tsa03,3.170680,292.865600,510.193463,0.788497,288.413832,0.032945
P15,1,1,tsa03,3.992122,253.380000,795.891600,0.197119,812.092041,0.098487
P15,1,1,tsa03,4.287728,1042.047830,602.251372,1.544197,307.992909,0.032947
P15,1,1,tsa03,5.864872,863.581518,351.234624,0.804875,596.273361,0.032915
P15,1,1,tsa03,6.702662,1433.506133,175.941000,0.147937,582.550740,0.262783
P15,1,1,tsa03,7.113382,1264.177371,733.339543,0.345130,581.684763,0.065687
P15,1,1,tsa03,7.524199,797.076000,1080.000000,0.394172,0.000000,0.065687
P15,1,1,tsq01,0.032853,400.737600,313.432200,0.131558,238.661791,0.032715
P15,1,1,tsq01,0.197126,564.742629,140.048807,0.460030,497.460777,0.032886
P15,1,1,tsq01,0.690042,1062.116677,149.337554,0.640780,83.696349,0.081991
P15,1,1,tsq01,1.412813,1054.799262,232.713415,0.640816,370.424762,0.049253
P15,1,1,tsq01,2.102882,755.217969,450.579323,0.213716,352.931886,0.016194
P15,1,1,tsq01,2.332792,752.107200,803.497500,0.197275,393.074060,0.016429
P15,1,1,tsq01,2.546496,1116.789099,656.819862,1.494866,515.393340,0.032850
P15,1,1,tsq01,4.074212,1543.772509,368.175682,0.361521,991.470376,0.082075
P15,1,1,tsq01,4.517808,589.274449,636.404988,0.805034,451.962900,0.049260
P15,1,1,tsq01,5.372102,992.338245,840.880021,1.100640,228.475512,0.032863
P15,1,1,tsq01,6.505605,1105.216510,642.235724,2.842056,484.381265,0.065834
P15,1,1,tsq01,9.413495,1201.818971,167.585143,0.344936,592.145393,0.345003
P15,1,1,tsq01,10.103434,873.539429,660.402257,1.199242,192.197608,0.049339
P15,1,1,tsq01,11.352015,1044.264282,572.124600,0.558495,0.000000,0.049339
P15,1,1,tsq02,0.032875,378.635815,315.591785,0.213463,250.800306,0.016509
P15,1,1,tsq02,0.262847,566.175744,149.069808,0.410643,444.814051,0.032918
P15,1,1,tsq02,0.706408,779.177760,539.569080,0.328595,597.287893,0.065762
P15,1,1,tsq02,1.100765,1232.613029,150.789857,0.344926,300.138799,0.032861
P15,1,1,tsq02,1.478552,1256.707200,449.959992,0.870684,789.221803,0.049254
P15,1,1,tsq02,2.398490,477.168229,326.712086,0.689975,613.591285,0.345002
P15,1,1,tsq02,3.433467,1085.999040,250.427700,0.164358,675.127943,0.065677
P15,1,1,tsq02,3.663502,629.669486,747.982800,0.344996,307.463406,0.016355
P15,1,1,tsq02,4.024853,579.106834,444.705429,0.575131,919.339563,0.065578
P15,1,1,tsq02,4.665562,1445.775220,751.415620,2.020654,480.867094,0.049322
P15,1,1,tsq02,6.735538,1321.603200,286.857257,0.344957,782.856606,0.065740
P15,1,1,tsq02,7.146235,540.643429,341.321014,0.690017,1089.297473,0.394264
P15,1,1,tsq02,8.230516,1508.184436,841.754209,0.361403,8.240114,0.016434
P15,1,1,tsq02,8.608353,1508.006400,849.992400,0.016394,0.000000,0.016434
P15,1,1,tsq03,0.032842,227.804160,381.596940,0.164319,651.287717,0.065727
P15,1,1,tsq03,0.262888,873.827200,298.953600,0.147919,173.357017,0.049203
P15,1,1,tsq03,0.460010,990.663657,170.883707,1.380028,426.450340,0.065728
P15,1,1,tsq03,1.905766,1106.870200,581.195700,0.788557,468.044819,0.032813
P15,1,1,tsq03,2.727136,639.717029,610.072457,0.345110,459.758238,0.065592
P15,1,1,tsq03,3.137838,629.253771,150.433296,0.919951,565.286547,0.016478
P15,1,1,tsq03,4.074267,1194.460800,159.914618,0.722817,180.906659,0.032784
P15,1,1,tsq03,4.829868,1357.489067,238.330200,0.147923,444.708676,0.049290
P15,1,1,tsq03,5.027081,1115.467065,611.413511,4.090697,101.568632,0.065667
P15,1,1,tsq03,9.183445,1024.131863,655.843994,2.694198,677.662036,0.016526
P15,1,1,tsq03,11.894169,1668.533558,446.148284,0.312053,700.870332,0.065716
P15,1,1,tsq03,12.271938,987.546703,280.389041,0.476378,0.000000,0.065716
